{
  "typeName" : "AWS::ApiGateway::ClientCertificate",
  "description" : "The ``AWS::ApiGateway::ClientCertificate`` resource creates a client certificate that API Gateway uses to configure client-side SSL authentication for sending requests to the integration endpoint.",
  "sourceUrl" : "https://github.com/aws-cloudformation/aws-cloudformation-resource-providers-apigateway",
  "additionalProperties" : false,
  "properties" : {
    "ClientCertificateId" : {
      "description" : "",
      "type" : "string"
    },
    "Description" : {
      "description" : "",
      "type" : "string"
    },
    "Tags" : {
      "description" : "",
      "type" : "array",
      "uniqueItems" : false,
      "items" : {
        "$ref" : "#/definitions/Tag"
      }
    }
  },
  "definitions" : {
    "Tag" : {
      "type" : "object",
      "additionalProperties" : false,
      "properties" : {
        "Key" : {
          "type" : "string"
        },
        "Value" : {
          "type" : "string"
        }
      },
      "required" : [ "Value", "Key" ],
      "description" : ""
    }
  },
  "tagging" : {
    "taggable" : true,
    "tagOnCreate" : true,
    "tagUpdatable" : true,
    "cloudFormationSystemTags" : true,
    "tagProperty" : "/properties/Tags",
    "permissions" : [ "apigateway:PUT", "apigateway:DELETE", "apigateway:GET" ]
  },
  "primaryIdentifier" : [ "/properties/ClientCertificateId" ],
  "readOnlyProperties" : [ "/properties/ClientCertificateId" ],
  "handlers" : {
    "create" : {
      "permissions" : [ "apigateway:POST", "apigateway:GET", "apigateway:PUT" ]
    },
    "read" : {
      "permissions" : [ "apigateway:GET" ]
    },
    "update" : {
      "permissions" : [ "apigateway:GET", "apigateway:PATCH", "apigateway:PUT", "apigateway:DELETE" ]
    },
    "delete" : {
      "permissions" : [ "apigateway:DELETE" ]
    },
    "list" : {
      "permissions" : [ "apigateway:GET" ]
    }
  }
}