{
  "typeName" : "AWS::Bedrock::Guardrail",
  "description" : "Definition of AWS::Bedrock::Guardrail Resource Type",
  "definitions" : {
    "ContentFilterAction" : {
      "type" : "string",
      "enum" : [ "BLOCK", "NONE" ]
    },
    "Modality" : {
      "type" : "string",
      "description" : "Modality for filters",
      "enum" : [ "TEXT", "IMAGE" ]
    },
    "ContentFilterConfig" : {
      "type" : "object",
      "description" : "Content filter config in content policy.",
      "properties" : {
        "Type" : {
          "$ref" : "#/definitions/ContentFilterType"
        },
        "InputStrength" : {
          "$ref" : "#/definitions/FilterStrength"
        },
        "OutputStrength" : {
          "$ref" : "#/definitions/FilterStrength"
        },
        "InputModalities" : {
          "type" : "array",
          "items" : {
            "$ref" : "#/definitions/Modality"
          },
          "minItems" : 1,
          "description" : "List of modalities"
        },
        "OutputModalities" : {
          "type" : "array",
          "items" : {
            "$ref" : "#/definitions/Modality"
          },
          "minItems" : 1,
          "description" : "List of modalities"
        },
        "InputAction" : {
          "$ref" : "#/definitions/ContentFilterAction"
        },
        "OutputAction" : {
          "$ref" : "#/definitions/ContentFilterAction"
        },
        "InputEnabled" : {
          "type" : "boolean"
        },
        "OutputEnabled" : {
          "type" : "boolean"
        }
      },
      "required" : [ "InputStrength", "OutputStrength", "Type" ],
      "additionalProperties" : false
    },
    "ContentFilterType" : {
      "type" : "string",
      "description" : "Type of filter in content policy",
      "enum" : [ "SEXUAL", "VIOLENCE", "HATE", "INSULTS", "MISCONDUCT", "PROMPT_ATTACK" ]
    },
    "ContentPolicyConfig" : {
      "type" : "object",
      "description" : "Content policy config for a guardrail.",
      "properties" : {
        "FiltersConfig" : {
          "type" : "array",
          "items" : {
            "$ref" : "#/definitions/ContentFilterConfig"
          },
          "maxItems" : 6,
          "minItems" : 1,
          "description" : "List of content filter configs in content policy."
        }
      },
      "required" : [ "FiltersConfig" ],
      "additionalProperties" : false
    },
    "ContextualGroundingAction" : {
      "type" : "string",
      "enum" : [ "BLOCK", "NONE" ]
    },
    "ContextualGroundingFilterConfig" : {
      "type" : "object",
      "description" : "A config for grounding filter.",
      "properties" : {
        "Type" : {
          "$ref" : "#/definitions/ContextualGroundingFilterType"
        },
        "Threshold" : {
          "type" : "number",
          "minimum" : 0,
          "description" : "The threshold for this filter."
        },
        "Action" : {
          "$ref" : "#/definitions/ContextualGroundingAction"
        },
        "Enabled" : {
          "type" : "boolean"
        }
      },
      "required" : [ "Threshold", "Type" ],
      "additionalProperties" : false
    },
    "ContextualGroundingFilterType" : {
      "type" : "string",
      "description" : "Type of contextual grounding filter",
      "enum" : [ "GROUNDING", "RELEVANCE" ]
    },
    "ContextualGroundingPolicyConfig" : {
      "type" : "object",
      "description" : "Contextual grounding policy config for a guardrail.",
      "properties" : {
        "FiltersConfig" : {
          "type" : "array",
          "items" : {
            "$ref" : "#/definitions/ContextualGroundingFilterConfig"
          },
          "minItems" : 1,
          "description" : "List of contextual grounding filter configs."
        }
      },
      "required" : [ "FiltersConfig" ],
      "additionalProperties" : false
    },
    "FilterStrength" : {
      "type" : "string",
      "description" : "Strength for filters",
      "enum" : [ "NONE", "LOW", "MEDIUM", "HIGH" ]
    },
    "GuardrailStatus" : {
      "type" : "string",
      "description" : "Status of the guardrail",
      "enum" : [ "CREATING", "UPDATING", "VERSIONING", "READY", "FAILED", "DELETING" ]
    },
    "ManagedWordsConfig" : {
      "type" : "object",
      "description" : "A managed words config.",
      "properties" : {
        "Type" : {
          "$ref" : "#/definitions/ManagedWordsType"
        },
        "InputAction" : {
          "$ref" : "#/definitions/WordAction"
        },
        "OutputAction" : {
          "$ref" : "#/definitions/WordAction"
        },
        "InputEnabled" : {
          "type" : "boolean"
        },
        "OutputEnabled" : {
          "type" : "boolean"
        }
      },
      "required" : [ "Type" ],
      "additionalProperties" : false
    },
    "ManagedWordsType" : {
      "type" : "string",
      "description" : "Options for managed words.",
      "enum" : [ "PROFANITY" ]
    },
    "PiiEntityConfig" : {
      "type" : "object",
      "description" : "Pii entity configuration.",
      "properties" : {
        "Type" : {
          "$ref" : "#/definitions/PiiEntityType"
        },
        "Action" : {
          "$ref" : "#/definitions/SensitiveInformationAction"
        },
        "InputAction" : {
          "$ref" : "#/definitions/SensitiveInformationAction"
        },
        "OutputAction" : {
          "$ref" : "#/definitions/SensitiveInformationAction"
        },
        "InputEnabled" : {
          "type" : "boolean"
        },
        "OutputEnabled" : {
          "type" : "boolean"
        }
      },
      "required" : [ "Action", "Type" ],
      "additionalProperties" : false
    },
    "PiiEntityType" : {
      "type" : "string",
      "description" : "The currently supported PII entities",
      "enum" : [ "ADDRESS", "AGE", "AWS_ACCESS_KEY", "AWS_SECRET_KEY", "CA_HEALTH_NUMBER", "CA_SOCIAL_INSURANCE_NUMBER", "CREDIT_DEBIT_CARD_CVV", "CREDIT_DEBIT_CARD_EXPIRY", "CREDIT_DEBIT_CARD_NUMBER", "DRIVER_ID", "EMAIL", "INTERNATIONAL_BANK_ACCOUNT_NUMBER", "IP_ADDRESS", "LICENSE_PLATE", "MAC_ADDRESS", "NAME", "PASSWORD", "PHONE", "PIN", "SWIFT_CODE", "UK_NATIONAL_HEALTH_SERVICE_NUMBER", "UK_NATIONAL_INSURANCE_NUMBER", "UK_UNIQUE_TAXPAYER_REFERENCE_NUMBER", "URL", "USERNAME", "US_BANK_ACCOUNT_NUMBER", "US_BANK_ROUTING_NUMBER", "US_INDIVIDUAL_TAX_IDENTIFICATION_NUMBER", "US_PASSPORT_NUMBER", "US_SOCIAL_SECURITY_NUMBER", "VEHICLE_IDENTIFICATION_NUMBER" ]
    },
    "RegexConfig" : {
      "type" : "object",
      "description" : "A regex configuration.",
      "properties" : {
        "Name" : {
          "type" : "string",
          "maxLength" : 100,
          "minLength" : 1,
          "description" : "The regex name."
        },
        "Description" : {
          "type" : "string",
          "maxLength" : 1000,
          "minLength" : 1,
          "description" : "The regex description."
        },
        "Pattern" : {
          "type" : "string",
          "minLength" : 1,
          "description" : "The regex pattern."
        },
        "Action" : {
          "$ref" : "#/definitions/SensitiveInformationAction"
        },
        "InputAction" : {
          "$ref" : "#/definitions/SensitiveInformationAction"
        },
        "OutputAction" : {
          "$ref" : "#/definitions/SensitiveInformationAction"
        },
        "InputEnabled" : {
          "type" : "boolean"
        },
        "OutputEnabled" : {
          "type" : "boolean"
        }
      },
      "required" : [ "Action", "Name", "Pattern" ],
      "additionalProperties" : false
    },
    "SensitiveInformationAction" : {
      "type" : "string",
      "description" : "Options for sensitive information action.",
      "enum" : [ "BLOCK", "ANONYMIZE", "NONE" ]
    },
    "SensitiveInformationPolicyConfig" : {
      "type" : "object",
      "description" : "Sensitive information policy config for a guardrail.",
      "properties" : {
        "PiiEntitiesConfig" : {
          "type" : "array",
          "items" : {
            "$ref" : "#/definitions/PiiEntityConfig"
          },
          "minItems" : 1,
          "uniqueItems" : true,
          "description" : "List of entities."
        },
        "RegexesConfig" : {
          "type" : "array",
          "items" : {
            "$ref" : "#/definitions/RegexConfig"
          },
          "minItems" : 1,
          "description" : "List of regex."
        }
      },
      "additionalProperties" : false
    },
    "Tag" : {
      "type" : "object",
      "description" : "Definition of the key/value pair for a tag",
      "properties" : {
        "Key" : {
          "type" : "string",
          "maxLength" : 128,
          "minLength" : 1,
          "pattern" : "^[a-zA-Z0-9\\s._:/=+@-]*$",
          "description" : "Tag Key"
        },
        "Value" : {
          "type" : "string",
          "maxLength" : 256,
          "minLength" : 0,
          "pattern" : "^[a-zA-Z0-9\\s._:/=+@-]*$",
          "description" : "Tag Value"
        }
      },
      "required" : [ "Key", "Value" ],
      "additionalProperties" : false
    },
    "TopicAction" : {
      "type" : "string",
      "enum" : [ "BLOCK", "NONE" ]
    },
    "TopicConfig" : {
      "type" : "object",
      "description" : "Topic config in topic policy.",
      "properties" : {
        "Name" : {
          "type" : "string",
          "maxLength" : 100,
          "minLength" : 1,
          "pattern" : "^[0-9a-zA-Z-_ !?.]+$",
          "description" : "Name of topic in topic policy"
        },
        "Definition" : {
          "type" : "string",
          "maxLength" : 200,
          "minLength" : 1,
          "description" : "Definition of topic in topic policy"
        },
        "Examples" : {
          "type" : "array",
          "items" : {
            "type" : "string",
            "maxLength" : 100,
            "minLength" : 1,
            "description" : "Text example in topic policy"
          },
          "minItems" : 0,
          "description" : "List of text examples"
        },
        "Type" : {
          "$ref" : "#/definitions/TopicType"
        },
        "InputAction" : {
          "$ref" : "#/definitions/TopicAction"
        },
        "OutputAction" : {
          "$ref" : "#/definitions/TopicAction"
        },
        "InputEnabled" : {
          "type" : "boolean"
        },
        "OutputEnabled" : {
          "type" : "boolean"
        }
      },
      "required" : [ "Definition", "Name", "Type" ],
      "additionalProperties" : false
    },
    "TopicPolicyConfig" : {
      "type" : "object",
      "description" : "Topic policy config for a guardrail.",
      "properties" : {
        "TopicsConfig" : {
          "type" : "array",
          "items" : {
            "$ref" : "#/definitions/TopicConfig"
          },
          "minItems" : 1,
          "description" : "List of topic configs in topic policy."
        }
      },
      "required" : [ "TopicsConfig" ],
      "additionalProperties" : false
    },
    "TopicType" : {
      "type" : "string",
      "description" : "Type of topic in a policy",
      "enum" : [ "DENY" ]
    },
    "WordAction" : {
      "type" : "string",
      "enum" : [ "BLOCK", "NONE" ]
    },
    "WordConfig" : {
      "type" : "object",
      "description" : "A custom word config.",
      "properties" : {
        "Text" : {
          "type" : "string",
          "minLength" : 1,
          "description" : "The custom word text."
        },
        "InputAction" : {
          "$ref" : "#/definitions/WordAction"
        },
        "OutputAction" : {
          "$ref" : "#/definitions/WordAction"
        },
        "InputEnabled" : {
          "type" : "boolean"
        },
        "OutputEnabled" : {
          "type" : "boolean"
        }
      },
      "required" : [ "Text" ],
      "additionalProperties" : false
    },
    "WordPolicyConfig" : {
      "type" : "object",
      "description" : "Word policy config for a guardrail.",
      "properties" : {
        "WordsConfig" : {
          "type" : "array",
          "items" : {
            "$ref" : "#/definitions/WordConfig"
          },
          "minItems" : 1,
          "description" : "List of custom word configs."
        },
        "ManagedWordListsConfig" : {
          "type" : "array",
          "items" : {
            "$ref" : "#/definitions/ManagedWordsConfig"
          },
          "description" : "A config for the list of managed words."
        }
      },
      "additionalProperties" : false
    }
  },
  "properties" : {
    "BlockedInputMessaging" : {
      "type" : "string",
      "maxLength" : 500,
      "minLength" : 1,
      "description" : "Messaging for when violations are detected in text"
    },
    "BlockedOutputsMessaging" : {
      "type" : "string",
      "maxLength" : 500,
      "minLength" : 1,
      "description" : "Messaging for when violations are detected in text"
    },
    "ContentPolicyConfig" : {
      "$ref" : "#/definitions/ContentPolicyConfig"
    },
    "ContextualGroundingPolicyConfig" : {
      "$ref" : "#/definitions/ContextualGroundingPolicyConfig"
    },
    "CreatedAt" : {
      "type" : "string",
      "description" : "Time Stamp",
      "format" : "date-time"
    },
    "Description" : {
      "type" : "string",
      "maxLength" : 200,
      "minLength" : 1,
      "description" : "Description of the guardrail or its version"
    },
    "FailureRecommendations" : {
      "type" : "array",
      "items" : {
        "type" : "string",
        "maxLength" : 200,
        "minLength" : 1,
        "description" : "Recommendation for guardrail failure status"
      },
      "maxItems" : 100,
      "description" : "List of failure recommendations"
    },
    "GuardrailArn" : {
      "type" : "string",
      "maxLength" : 2048,
      "pattern" : "^arn:aws(-[^:]+)?:bedrock:[a-z0-9-]{1,20}:[0-9]{12}:guardrail/[a-z0-9]+$",
      "description" : "Arn representation for the guardrail"
    },
    "GuardrailId" : {
      "type" : "string",
      "maxLength" : 64,
      "pattern" : "^[a-z0-9]+$",
      "description" : "Unique id for the guardrail"
    },
    "KmsKeyArn" : {
      "type" : "string",
      "maxLength" : 2048,
      "minLength" : 1,
      "pattern" : "^arn:aws(-[^:]+)?:kms:[a-zA-Z0-9-]*:[0-9]{12}:key/[a-zA-Z0-9-]{36}$",
      "description" : "The KMS key with which the guardrail was encrypted at rest"
    },
    "Name" : {
      "type" : "string",
      "maxLength" : 50,
      "minLength" : 1,
      "pattern" : "^[0-9a-zA-Z-_]+$",
      "description" : "Name of the guardrail"
    },
    "SensitiveInformationPolicyConfig" : {
      "$ref" : "#/definitions/SensitiveInformationPolicyConfig"
    },
    "Status" : {
      "$ref" : "#/definitions/GuardrailStatus"
    },
    "StatusReasons" : {
      "type" : "array",
      "items" : {
        "type" : "string",
        "maxLength" : 200,
        "minLength" : 1,
        "description" : "Reason for guardrail status"
      },
      "maxItems" : 100,
      "description" : "List of status reasons"
    },
    "Tags" : {
      "type" : "array",
      "items" : {
        "$ref" : "#/definitions/Tag"
      },
      "maxItems" : 200,
      "minItems" : 0,
      "description" : "List of Tags"
    },
    "TopicPolicyConfig" : {
      "$ref" : "#/definitions/TopicPolicyConfig"
    },
    "UpdatedAt" : {
      "type" : "string",
      "description" : "Time Stamp",
      "format" : "date-time"
    },
    "Version" : {
      "type" : "string",
      "pattern" : "^(([1-9][0-9]{0,7})|(DRAFT))$",
      "description" : "Guardrail version"
    },
    "WordPolicyConfig" : {
      "$ref" : "#/definitions/WordPolicyConfig"
    }
  },
  "required" : [ "Name", "BlockedInputMessaging", "BlockedOutputsMessaging" ],
  "readOnlyProperties" : [ "/properties/CreatedAt", "/properties/FailureRecommendations", "/properties/GuardrailArn", "/properties/GuardrailId", "/properties/Status", "/properties/StatusReasons", "/properties/UpdatedAt", "/properties/Version" ],
  "primaryIdentifier" : [ "/properties/GuardrailArn" ],
  "handlers" : {
    "create" : {
      "permissions" : [ "bedrock:CreateGuardrail", "bedrock:GetGuardrail", "kms:DescribeKey", "kms:CreateGrant", "kms:GenerateDataKey", "kms:Decrypt", "bedrock:TagResource", "bedrock:ListTagsForResource" ]
    },
    "read" : {
      "permissions" : [ "bedrock:GetGuardrail", "kms:Decrypt", "bedrock:ListTagsForResource" ]
    },
    "update" : {
      "permissions" : [ "bedrock:UpdateGuardrail", "bedrock:GetGuardrail", "bedrock:ListTagsForResource", "bedrock:TagResource", "bedrock:UntagResource", "kms:DescribeKey", "kms:CreateGrant", "kms:GenerateDataKey", "kms:Decrypt" ]
    },
    "delete" : {
      "permissions" : [ "bedrock:DeleteGuardrail", "bedrock:GetGuardrail", "kms:Decrypt", "kms:RetireGrant" ]
    },
    "list" : {
      "permissions" : [ "bedrock:ListGuardrails" ]
    }
  },
  "tagging" : {
    "cloudFormationSystemTags" : false,
    "tagOnCreate" : true,
    "tagProperty" : "/properties/Tags",
    "tagUpdatable" : true,
    "taggable" : true,
    "permissions" : [ "bedrock:ListTagsForResource", "bedrock:TagResource", "bedrock:UntagResource" ]
  },
  "additionalProperties" : false
}