{
  "tagging" : {
    "permissions" : [ "autoscaling:CreateOrUpdateTags", "autoscaling:DeleteTags" ],
    "taggable" : true,
    "tagOnCreate" : true,
    "tagUpdatable" : true,
    "tagProperty" : "/properties/Tags",
    "cloudFormationSystemTags" : true
  },
  "deprecatedProperties" : [ "/properties/NotificationConfiguration" ],
  "typeName" : "AWS::AutoScaling::AutoScalingGroup",
  "readOnlyProperties" : [ "/properties/AutoScalingGroupARN" ],
  "description" : "The ``AWS::AutoScaling::AutoScalingGroup`` resource defines an Amazon EC2 Auto Scaling group, which is a collection of Amazon EC2 instances that are treated as a logical grouping for the purposes of automatic scaling and management. \n For more information about Amazon EC2 Auto Scaling, see the [Amazon EC2 Auto Scaling User Guide](https://docs.aws.amazon.com/autoscaling/ec2/userguide/what-is-amazon-ec2-auto-scaling.html). \n  Amazon EC2 Auto Scaling configures instances launched as part of an Auto Scaling group using either a [launch template](https://docs.aws.amazon.com/AWSCloudFormation/latest/UserGuide/aws-resource-ec2-launchtemplate.html) or a launch configuration. We strongly recommend that you do not use launch configurations. For more information, see [Launch configurations](https://docs.aws.amazon.com/autoscaling/ec2/userguide/launch-configurations.html) in the *Amazon EC2 Auto Scaling User Guide*.\n For help migrating from launch configurations to launch templates, see [Migrate CloudFormation stacks from launch configurations to launch templates](https://docs.aws.amazon.com/autoscaling/ec2/userguide/migrate-launch-configurations-with-cloudformation.html) in the *Amazon EC2 Auto Scaling User Guide*.",
  "createOnlyProperties" : [ "/properties/InstanceId", "/properties/AutoScalingGroupName" ],
  "primaryIdentifier" : [ "/properties/AutoScalingGroupName" ],
  "required" : [ "MinSize", "MaxSize" ],
  "conditionalCreateOnlyProperties" : [ "/properties/LaunchConfigurationName", "/properties/VPCZoneIdentifier", "/properties/LaunchTemplate", "/properties/MixedInstancesPolicy" ],
  "propertyTransform" : {
    "/properties/LaunchConfigurationName" : "InstanceId? AutoScalingGroupName : LaunchConfigurationName"
  },
  "handlers" : {
    "read" : {
      "permissions" : [ "autoscaling:Describe*", "managed-fleets:Get*" ]
    },
    "create" : {
      "permissions" : [ "autoscaling:CreateAutoScalingGroup", "autoscaling:UpdateAutoScalingGroup", "autoscaling:CreateOrUpdateTags", "autoscaling:Describe*", "autoscaling:EnableMetricsCollection", "autoscaling:PutNotificationConfiguration", "cloudwatch:PutMetricAlarm", "ec2:Describe*", "ec2:Get*", "ec2:RunInstances", "elasticloadbalancing:Describe*", "iam:CreateServiceLinkedRole", "iam:PassRole", "managed-fleets:Get*", "managed-fleets:CreateAutoScalingGroup", "managed-fleets:UpdateAutoScalingGroup", "ssm:Get*", "vpc-lattice:DeregisterTargets", "vpc-lattice:GetTargetGroup", "vpc-lattice:ListTargets", "vpc-lattice:RegisterTargets" ],
      "timeoutInMinutes" : 360
    },
    "update" : {
      "permissions" : [ "autoscaling:UpdateAutoScalingGroup", "autoscaling:CreateOrUpdateTags", "autoscaling:DeleteTags", "autoscaling:Describe*", "autoscaling:EnableMetricsCollection", "autoscaling:DisableMetricsCollection", "autoscaling:PutNotificationConfiguration", "autoscaling:DeleteNotificationConfiguration", "autoscaling:DetachLoadBalancerTargetGroups", "autoscaling:AttachLoadBalancerTargetGroups", "autoscaling:AttachLoadBalancers", "autoscaling:DetachLoadBalancers", "autoscaling:AttachTrafficSources", "autoscaling:DetachTrafficSources", "autoscaling:DeleteLifecycleHook", "autoscaling:PutLifecycleHook", "cloudwatch:PutMetricAlarm", "ec2:Describe*", "ec2:Get*", "ec2:RunInstances", "elasticloadbalancing:Describe*", "iam:CreateServiceLinkedRole", "iam:PassRole", "managed-fleets:Get*", "managed-fleets:RegisterAutoScalingGroup", "managed-fleets:DeregisterAutoScalingGroup", "managed-fleets:UpdateAutoScalingGroup", "ssm:Get*", "vpc-lattice:DeregisterTargets", "vpc-lattice:GetTargetGroup", "vpc-lattice:ListTargets", "vpc-lattice:RegisterTargets" ],
      "timeoutInMinutes" : 660
    },
    "list" : {
      "permissions" : [ "autoscaling:Describe*" ]
    },
    "delete" : {
      "permissions" : [ "autoscaling:DeleteAutoScalingGroup", "autoscaling:UpdateAutoScalingGroup", "autoscaling:Describe*", "managed-fleets:Get*", "managed-fleets:DeleteAutoScalingGroup" ],
      "timeoutInMinutes" : 240
    }
  },
  "writeOnlyProperties" : [ "/properties/SkipZonalShiftValidation", "/properties/InstanceId" ],
  "additionalProperties" : false,
  "definitions" : {
    "AvailabilityZoneImpairmentPolicy" : {
      "description" : "Describes an Availability Zone impairment policy.",
      "additionalProperties" : false,
      "type" : "object",
      "properties" : {
        "ZonalShiftEnabled" : {
          "description" : "If ``true``, enable zonal shift for your Auto Scaling group.",
          "type" : "boolean"
        },
        "ImpairedZoneHealthCheckBehavior" : {
          "description" : "Specifies the health check behavior for the impaired Availability Zone in an active zonal shift. If you select ``Replace unhealthy``, instances that appear unhealthy will be replaced in all Availability Zones. If you select ``Ignore unhealthy``, instances will not be replaced in the Availability Zone with the active zonal shift. For more information, see [Auto Scaling group zonal shift](https://docs.aws.amazon.com/autoscaling/ec2/userguide/ec2-auto-scaling-zonal-shift.html) in the *Amazon EC2 Auto Scaling User Guide*.",
          "type" : "string",
          "enum" : [ "IgnoreUnhealthy", "ReplaceUnhealthy" ]
        }
      },
      "required" : [ "ImpairedZoneHealthCheckBehavior", "ZonalShiftEnabled" ]
    },
    "LifecycleHookSpecification" : {
      "description" : "``LifecycleHookSpecification`` specifies a lifecycle hook for the ``LifecycleHookSpecificationList`` property of the [AWS::AutoScaling::AutoScalingGroup](https://docs.aws.amazon.com/AWSCloudFormation/latest/UserGuide/aws-resource-autoscaling-autoscalinggroup.html) resource. A lifecycle hook specifies actions to perform when Amazon EC2 Auto Scaling launches or terminates instances. \n For more information, see [Amazon EC2 Auto Scaling lifecycle hooks](https://docs.aws.amazon.com/autoscaling/ec2/userguide/lifecycle-hooks.html) in the *Amazon EC2 Auto Scaling User Guide*. You can find a sample template snippet in the [Examples](https://docs.aws.amazon.com/AWSCloudFormation/latest/UserGuide/aws-resource-as-lifecyclehook.html#aws-resource-as-lifecyclehook--examples) section of the ``AWS::AutoScaling::LifecycleHook`` resource.",
      "additionalProperties" : false,
      "type" : "object",
      "properties" : {
        "LifecycleHookName" : {
          "description" : "The name of the lifecycle hook.",
          "type" : "string"
        },
        "LifecycleTransition" : {
          "description" : "The lifecycle transition. For Auto Scaling groups, there are two major lifecycle transitions.\n  +  To create a lifecycle hook for scale-out events, specify ``autoscaling:EC2_INSTANCE_LAUNCHING``.\n  +  To create a lifecycle hook for scale-in events, specify ``autoscaling:EC2_INSTANCE_TERMINATING``.",
          "type" : "string"
        },
        "HeartbeatTimeout" : {
          "description" : "The maximum time, in seconds, that can elapse before the lifecycle hook times out. The range is from ``30`` to ``7200`` seconds. The default value is ``3600`` seconds (1 hour).",
          "type" : "integer"
        },
        "NotificationMetadata" : {
          "description" : "Additional information that you want to include any time Amazon EC2 Auto Scaling sends a message to the notification target.",
          "type" : "string"
        },
        "DefaultResult" : {
          "description" : "The action the Auto Scaling group takes when the lifecycle hook timeout elapses or if an unexpected failure occurs. The default value is ``ABANDON``.\n Valid values: ``CONTINUE`` | ``ABANDON``",
          "type" : "string"
        },
        "NotificationTargetARN" : {
          "description" : "The Amazon Resource Name (ARN) of the notification target that Amazon EC2 Auto Scaling sends notifications to when an instance is in a wait state for the lifecycle hook. You can specify an Amazon SNS topic or an Amazon SQS queue.",
          "type" : "string"
        },
        "RoleARN" : {
          "description" : "The ARN of the IAM role that allows the Auto Scaling group to publish to the specified notification target. For information about creating this role, see [Prepare to add a lifecycle hook to your Auto Scaling group](https://docs.aws.amazon.com/autoscaling/ec2/userguide/prepare-for-lifecycle-notifications.html) in the *Amazon EC2 Auto Scaling User Guide*.\n Valid only if the notification target is an Amazon SNS topic or an Amazon SQS queue.",
          "type" : "string"
        }
      },
      "required" : [ "LifecycleHookName", "LifecycleTransition" ]
    },
    "MemoryGiBPerVCpuRequest" : {
      "description" : "``MemoryGiBPerVCpuRequest`` is a property of the ``InstanceRequirements`` property of the [AWS::AutoScaling::AutoScalingGroup LaunchTemplateOverrides](https://docs.aws.amazon.com/AWSCloudFormation/latest/UserGuide/aws-properties-autoscaling-autoscalinggroup-launchtemplateoverrides.html) property type that describes the minimum and maximum amount of memory per vCPU for an instance type, in GiB.",
      "additionalProperties" : false,
      "type" : "object",
      "properties" : {
        "Min" : {
          "description" : "The memory minimum in GiB.",
          "type" : "number"
        },
        "Max" : {
          "description" : "The memory maximum in GiB.",
          "type" : "number"
        }
      }
    },
    "TotalLocalStorageGBRequest" : {
      "description" : "``TotalLocalStorageGBRequest`` is a property of the ``InstanceRequirements`` property of the [AWS::AutoScaling::AutoScalingGroup LaunchTemplateOverrides](https://docs.aws.amazon.com/AWSCloudFormation/latest/UserGuide/aws-properties-autoscaling-autoscalinggroup-launchtemplateoverrides.html) property type that describes the minimum and maximum total local storage size for an instance type, in GB.",
      "additionalProperties" : false,
      "type" : "object",
      "properties" : {
        "Min" : {
          "description" : "The storage minimum in GB.",
          "type" : "number"
        },
        "Max" : {
          "description" : "The storage maximum in GB.",
          "type" : "number"
        }
      }
    },
    "NetworkBandwidthGbpsRequest" : {
      "description" : "``NetworkBandwidthGbpsRequest`` is a property of the ``InstanceRequirements`` property of the [AWS::AutoScaling::AutoScalingGroup LaunchTemplateOverrides](https://docs.aws.amazon.com/AWSCloudFormation/latest/UserGuide/aws-properties-autoscaling-autoscalinggroup-launchtemplateoverrides.html) property type that describes the minimum and maximum network bandwidth for an instance type, in Gbps.\n  Setting the minimum bandwidth does not guarantee that your instance will achieve the minimum bandwidth. Amazon EC2 will identify instance types that support the specified minimum bandwidth, but the actual bandwidth of your instance might go below the specified minimum at times. For more information, see [Available instance bandwidth](https://docs.aws.amazon.com/AWSEC2/latest/UserGuide/ec2-instance-network-bandwidth.html#available-instance-bandwidth) in the *Amazon EC2 User Guide for Linux Instances*.",
      "additionalProperties" : false,
      "type" : "object",
      "properties" : {
        "Min" : {
          "description" : "The minimum amount of network bandwidth, in gigabits per second (Gbps).",
          "type" : "number"
        },
        "Max" : {
          "description" : "The maximum amount of network bandwidth, in gigabits per second (Gbps).",
          "type" : "number"
        }
      }
    },
    "BaselineEbsBandwidthMbpsRequest" : {
      "description" : "``BaselineEbsBandwidthMbpsRequest`` is a property of the ``InstanceRequirements`` property of the [AWS::AutoScaling::AutoScalingGroup LaunchTemplateOverrides](https://docs.aws.amazon.com/AWSCloudFormation/latest/UserGuide/aws-properties-autoscaling-autoscalinggroup-launchtemplateoverrides.html) property type that describes the minimum and maximum baseline bandwidth performance for an instance type, in Mbps.",
      "additionalProperties" : false,
      "type" : "object",
      "properties" : {
        "Min" : {
          "description" : "The minimum value in Mbps.",
          "type" : "integer"
        },
        "Max" : {
          "description" : "The maximum value in Mbps.",
          "type" : "integer"
        }
      }
    },
    "NetworkInterfaceCountRequest" : {
      "description" : "``NetworkInterfaceCountRequest`` is a property of the ``InstanceRequirements`` property of the [AWS::AutoScaling::AutoScalingGroup LaunchTemplateOverrides](https://docs.aws.amazon.com/AWSCloudFormation/latest/UserGuide/aws-properties-autoscaling-autoscalinggroup-launchtemplateoverrides.html) property type that describes the minimum and maximum number of network interfaces for an instance type.",
      "additionalProperties" : false,
      "type" : "object",
      "properties" : {
        "Min" : {
          "description" : "The minimum number of network interfaces.",
          "type" : "integer"
        },
        "Max" : {
          "description" : "The maximum number of network interfaces.",
          "type" : "integer"
        }
      }
    },
    "VCpuCountRequest" : {
      "description" : "``VCpuCountRequest`` is a property of the ``InstanceRequirements`` property of the [AWS::AutoScaling::AutoScalingGroup LaunchTemplateOverrides](https://docs.aws.amazon.com/AWSCloudFormation/latest/UserGuide/aws-properties-autoscaling-autoscalinggroup-launchtemplateoverrides.html) property type that describes the minimum and maximum number of vCPUs for an instance type.",
      "additionalProperties" : false,
      "type" : "object",
      "properties" : {
        "Min" : {
          "description" : "The minimum number of vCPUs.",
          "type" : "integer"
        },
        "Max" : {
          "description" : "The maximum number of vCPUs.",
          "type" : "integer"
        }
      }
    },
    "PerformanceFactorReferenceRequest" : {
      "description" : "Specify an instance family to use as the baseline reference for CPU performance. All instance types that All instance types that match your specified attributes will be compared against the CPU performance of the referenced instance family, regardless of CPU manufacturer or architecture differences. \n  Currently only one instance family can be specified in the list.",
      "additionalProperties" : false,
      "type" : "object",
      "properties" : {
        "InstanceFamily" : {
          "description" : "The instance family to use as a baseline reference. \n  Make sure that you specify the correct value for the instance family. The instance family is everything before the period (.) in the instance type name. For example, in the instance ``c6i.large``, the instance family is ``c6i``, not ``c6``. For more information, see [Amazon EC2 instance type naming conventions](https://docs.aws.amazon.com/ec2/latest/instancetypes/instance-type-names.html) in *Amazon EC2 Instance Types*.\n  The following instance types are *not supported* for performance protection.\n  +   ``c1`` \n  +   ``g3| g3s`` \n  +   ``hpc7g`` \n  +   ``m1| m2`` \n  +   ``mac1 | mac2 | mac2-m1ultra | mac2-m2 | mac2-m2pro`` \n  +   ``p3dn | p4d | p5`` \n  +   ``t1`` \n  +   ``u-12tb1 | u-18tb1 | u-24tb1 | u-3tb1 | u-6tb1 | u-9tb1 | u7i-12tb | u7in-16tb | u7in-24tb | u7in-32tb`` \n  \n If you performance protection by specifying a supported instance family, the returned instance types will exclude the preceding unsupported instance families.\n If you specify an unsupported instance family as a value for baseline performance, the API returns an empty response.",
          "type" : "string"
        }
      }
    },
    "LaunchTemplate" : {
      "description" : "Use this structure to specify the launch templates and instance types (overrides) for a mixed instances policy.\n  ``LaunchTemplate`` is a property of the [AWS::AutoScaling::AutoScalingGroup MixedInstancesPolicy](https://docs.aws.amazon.com/AWSCloudFormation/latest/UserGuide/aws-properties-autoscaling-autoscalinggroup-mixedinstancespolicy.html) property type.",
      "additionalProperties" : false,
      "type" : "object",
      "properties" : {
        "LaunchTemplateSpecification" : {
          "description" : "The launch template.",
          "$ref" : "#/definitions/LaunchTemplateSpecification"
        },
        "Overrides" : {
          "uniqueItems" : false,
          "description" : "Any properties that you specify override the same properties in the launch template.",
          "insertionOrder" : true,
          "type" : "array",
          "items" : {
            "$ref" : "#/definitions/LaunchTemplateOverrides"
          }
        }
      },
      "required" : [ "LaunchTemplateSpecification" ]
    },
    "LaunchTemplateOverrides" : {
      "description" : "Use this structure to let Amazon EC2 Auto Scaling do the following when the Auto Scaling group has a mixed instances policy:\n  +  Override the instance type that is specified in the launch template.\n  +  Use multiple instance types.\n  \n Specify the instance types that you want, or define your instance requirements instead and let Amazon EC2 Auto Scaling provision the available instance types that meet your requirements. This can provide Amazon EC2 Auto Scaling with a larger selection of instance types to choose from when fulfilling Spot and On-Demand capacities. You can view which instance types are matched before you apply the instance requirements to your Auto Scaling group.\n After you define your instance requirements, you don't have to keep updating these settings to get new EC2 instance types automatically. Amazon EC2 Auto Scaling uses the instance requirements of the Auto Scaling group to determine whether a new EC2 instance type can be used.\n  ``LaunchTemplateOverrides`` is a property of the [AWS::AutoScaling::AutoScalingGroup LaunchTemplate](https://docs.aws.amazon.com/AWSCloudFormation/latest/UserGuide/aws-properties-autoscaling-autoscalinggroup-launchtemplate.html) property type.",
      "additionalProperties" : false,
      "type" : "object",
      "properties" : {
        "LaunchTemplateSpecification" : {
          "description" : "Provides a launch template for the specified instance type or set of instance requirements. For example, some instance types might require a launch template with a different AMI. If not provided, Amazon EC2 Auto Scaling uses the launch template that's specified in the ``LaunchTemplate`` definition. For more information, see [Specifying a different launch template for an instance type](https://docs.aws.amazon.com/autoscaling/ec2/userguide/ec2-auto-scaling-mixed-instances-groups-launch-template-overrides.html) in the *Amazon EC2 Auto Scaling User Guide*. \n You can specify up to 20 launch templates per Auto Scaling group. The launch templates specified in the overrides and in the ``LaunchTemplate`` definition count towards this limit.",
          "$ref" : "#/definitions/LaunchTemplateSpecification"
        },
        "WeightedCapacity" : {
          "description" : "If you provide a list of instance types to use, you can specify the number of capacity units provided by each instance type in terms of virtual CPUs, memory, storage, throughput, or other relative performance characteristic. When a Spot or On-Demand Instance is launched, the capacity units count toward the desired capacity. Amazon EC2 Auto Scaling launches instances until the desired capacity is totally fulfilled, even if this results in an overage. For example, if there are two units remaining to fulfill capacity, and Amazon EC2 Auto Scaling can only launch an instance with a ``WeightedCapacity`` of five units, the instance is launched, and the desired capacity is exceeded by three units. For more information, see [Configure instance weighting for Amazon EC2 Auto Scaling](https://docs.aws.amazon.com/autoscaling/ec2/userguide/ec2-auto-scaling-mixed-instances-groups-instance-weighting.html) in the *Amazon EC2 Auto Scaling User Guide*. Value must be in the range of 1-999. \n If you specify a value for ``WeightedCapacity`` for one instance type, you must specify a value for ``WeightedCapacity`` for all of them.\n  Every Auto Scaling group has three size parameters (``DesiredCapacity``, ``MaxSize``, and ``MinSize``). Usually, you set these sizes based on a specific number of instances. However, if you configure a mixed instances policy that defines weights for the instance types, you must specify these sizes with the same units that you use for weighting instances.",
          "type" : "string"
        },
        "InstanceRequirements" : {
          "description" : "The instance requirements. Amazon EC2 Auto Scaling uses your specified requirements to identify instance types. Then, it uses your On-Demand and Spot allocation strategies to launch instances from these instance types.\n You can specify up to four separate sets of instance requirements per Auto Scaling group. This is useful for provisioning instances from different Amazon Machine Images (AMIs) in the same Auto Scaling group. To do this, create the AMIs and create a new launch template for each AMI. Then, create a compatible set of instance requirements for each launch template. \n  If you specify ``InstanceRequirements``, you can't specify ``InstanceType``.",
          "$ref" : "#/definitions/InstanceRequirements"
        },
        "InstanceType" : {
          "description" : "The instance type, such as ``m3.xlarge``. You must specify an instance type that is supported in your requested Region and Availability Zones. For more information, see [Instance types](https://docs.aws.amazon.com/AWSEC2/latest/UserGuide/instance-types.html) in the *Amazon EC2 User Guide for Linux Instances*.\n You can specify up to 40 instance types per Auto Scaling group.",
          "type" : "string"
        }
      }
    },
    "CpuPerformanceFactorRequest" : {
      "description" : "The CPU performance to consider, using an instance family as the baseline reference.",
      "additionalProperties" : false,
      "type" : "object",
      "properties" : {
        "References" : {
          "description" : "Specify an instance family to use as the baseline reference for CPU performance. All instance types that match your specified attributes will be compared against the CPU performance of the referenced instance family, regardless of CPU manufacturer or architecture differences. \n  Currently only one instance family can be specified in the list.",
          "$ref" : "#/definitions/PerformanceFactorReferenceSetRequest"
        }
      }
    },
    "MixedInstancesPolicy" : {
      "description" : "Use this structure to launch multiple instance types and On-Demand Instances and Spot Instances within a single Auto Scaling group.\n A mixed instances policy contains information that Amazon EC2 Auto Scaling can use to launch instances and help optimize your costs. For more information, see [Auto Scaling groups with multiple instance types and purchase options](https://docs.aws.amazon.com/autoscaling/ec2/userguide/ec2-auto-scaling-mixed-instances-groups.html) in the *Amazon EC2 Auto Scaling User Guide*.\n You can create a mixed instances policy for new and existing Auto Scaling groups. You must use a launch template to configure the policy. You cannot use a launch configuration.\n There are key differences between Spot Instances and On-Demand Instances:\n  +  The price for Spot Instances varies based on demand\n  +  Amazon EC2 can terminate an individual Spot Instance as the availability of, or price for, Spot Instances changes\n  \n When a Spot Instance is terminated, Amazon EC2 Auto Scaling group attempts to launch a replacement instance to maintain the desired capacity for the group. \n  ``MixedInstancesPolicy`` is a property of the [AWS::AutoScaling::AutoScalingGroup](https://docs.aws.amazon.com/AWSCloudFormation/latest/UserGuide/aws-resource-autoscaling-autoscalinggroup.html) resource.",
      "additionalProperties" : false,
      "type" : "object",
      "properties" : {
        "InstancesDistribution" : {
          "description" : "The instances distribution.",
          "$ref" : "#/definitions/InstancesDistribution"
        },
        "LaunchTemplate" : {
          "description" : "One or more launch templates and the instance types (overrides) that are used to launch EC2 instances to fulfill On-Demand and Spot capacities.",
          "$ref" : "#/definitions/LaunchTemplate"
        }
      },
      "required" : [ "LaunchTemplate" ]
    },
    "CapacityReservationIds" : {
      "uniqueItems" : true,
      "insertionOrder" : true,
      "type" : "array",
      "items" : {
        "type" : "string"
      }
    },
    "CapacityReservationResourceGroupArns" : {
      "uniqueItems" : true,
      "insertionOrder" : true,
      "type" : "array",
      "items" : {
        "type" : "string"
      }
    },
    "TagProperty" : {
      "description" : "A structure that specifies a tag for the ``Tags`` property of [AWS::AutoScaling::AutoScalingGroup](https://docs.aws.amazon.com/AWSCloudFormation/latest/UserGuide/aws-resource-autoscaling-autoscalinggroup.html) resource.\n For more information, see [Tag Auto Scaling groups and instances](https://docs.aws.amazon.com/autoscaling/ec2/userguide/autoscaling-tagging.html) in the *Amazon EC2 Auto Scaling User Guide*. You can find a sample template snippet in the [Examples](https://docs.aws.amazon.com/AWSCloudFormation/latest/UserGuide/aws-resource-autoscaling-autoscalinggroup.html#aws-resource-autoscaling-autoscalinggroup--examples) section of the ``AWS::AutoScaling::AutoScalingGroup`` resource.\n CloudFormation adds the following tags to all Auto Scaling groups and associated instances: \n  +  aws:cloudformation:stack-name\n  +  aws:cloudformation:stack-id\n  +  aws:cloudformation:logical-id",
      "additionalProperties" : false,
      "type" : "object",
      "properties" : {
        "Value" : {
          "description" : "The tag value.",
          "type" : "string"
        },
        "Key" : {
          "description" : "The tag key.",
          "type" : "string"
        },
        "PropagateAtLaunch" : {
          "description" : "Set to ``true`` if you want CloudFormation to copy the tag to EC2 instances that are launched as part of the Auto Scaling group. Set to ``false`` if you want the tag attached only to the Auto Scaling group and not copied to any instances launched as part of the Auto Scaling group.",
          "type" : "boolean"
        }
      },
      "required" : [ "Value", "Key", "PropagateAtLaunch" ]
    },
    "LaunchTemplateSpecification" : {
      "description" : "Specifies a launch template to use when provisioning EC2 instances for an Auto Scaling group.\n You must specify the following:\n  +  The ID or the name of the launch template, but not both.\n  +  The version of the launch template.\n  \n  ``LaunchTemplateSpecification`` is property of the [AWS::AutoScaling::AutoScalingGroup](https://docs.aws.amazon.com/AWSCloudFormation/latest/UserGuide/aws-resource-autoscaling-autoscalinggroup.html) resource. It is also a property of the [AWS::AutoScaling::AutoScalingGroup LaunchTemplate](https://docs.aws.amazon.com/AWSCloudFormation/latest/UserGuide/aws-properties-autoscaling-autoscalinggroup-launchtemplate.html) and [AWS::AutoScaling::AutoScalingGroup LaunchTemplateOverrides](https://docs.aws.amazon.com/AWSCloudFormation/latest/UserGuide/aws-properties-autoscaling-autoscalinggroup-launchtemplateoverrides.html) property types.\n For information about creating a launch template, see [AWS::EC2::LaunchTemplate](https://docs.aws.amazon.com/AWSCloudFormation/latest/UserGuide/aws-resource-ec2-launchtemplate.html) and [Create a launch template for an Auto Scaling group](https://docs.aws.amazon.com/autoscaling/ec2/userguide/create-launch-template.html) in the *Amazon EC2 Auto Scaling User Guide*.\n For examples of launch templates, see [Create launch templates](https://docs.aws.amazon.com/AWSCloudFormation/latest/UserGuide/quickref-ec2-launch-templates.html).",
      "additionalProperties" : false,
      "type" : "object",
      "properties" : {
        "LaunchTemplateName" : {
          "description" : "The name of the launch template.\n You must specify the ``LaunchTemplateName`` or the ``LaunchTemplateID``, but not both.",
          "type" : "string"
        },
        "Version" : {
          "description" : "The version number of the launch template.\n Specifying ``$Latest`` or ``$Default`` for the template version number is not supported. However, you can specify ``LatestVersionNumber`` or ``DefaultVersionNumber`` using the ``Fn::GetAtt`` intrinsic function. For more information, see [Fn::GetAtt](https://docs.aws.amazon.com/AWSCloudFormation/latest/UserGuide/intrinsic-function-reference-getatt.html).\n  For an example of using the ``Fn::GetAtt`` function, see the [Examples](https://docs.aws.amazon.com/AWSCloudFormation/latest/UserGuide/aws-resource-autoscaling-autoscalinggroup.html#aws-resource-autoscaling-autoscalinggroup--examples) section of the ``AWS::AutoScaling::AutoScalingGroup`` resource.",
          "type" : "string"
        },
        "LaunchTemplateId" : {
          "description" : "The ID of the launch template.\n You must specify the ``LaunchTemplateID`` or the ``LaunchTemplateName``, but not both.",
          "type" : "string"
        }
      },
      "required" : [ "Version" ]
    },
    "InstancesDistribution" : {
      "description" : "Use this structure to specify the distribution of On-Demand Instances and Spot Instances and the allocation strategies used to fulfill On-Demand and Spot capacities for a mixed instances policy.\n For more information, see [Auto Scaling groups with multiple instance types and purchase options](https://docs.aws.amazon.com/autoscaling/ec2/userguide/ec2-auto-scaling-mixed-instances-groups.html) in the *Amazon EC2 Auto Scaling User Guide*.\n  ``InstancesDistribution`` is a property of the [AWS::AutoScaling::AutoScalingGroup MixedInstancesPolicy](https://docs.aws.amazon.com/AWSCloudFormation/latest/UserGuide/aws-properties-autoscaling-autoscalinggroup-mixedinstancespolicy.html) property type.",
      "additionalProperties" : false,
      "type" : "object",
      "properties" : {
        "OnDemandAllocationStrategy" : {
          "description" : "The allocation strategy to apply to your On-Demand Instances when they are launched. Possible instance types are determined by the launch template overrides that you specify.\n The following lists the valid values:\n  + lowest-price Uses price to determine which instance types are the highest priority, launching the lowest priced instance types within an Availability Zone first. This is the default value for Auto Scaling groups that specify InstanceRequirements. + prioritized You set the order of instance types for the launch template overrides from highest to lowest priority (from first to last in the list). Amazon EC2 Auto Scaling launches your highest priority instance types first. If all your On-Demand capacity cannot be fulfilled using your highest priority instance type, then Amazon EC2 Auto Scaling launches the remaining capacity using the second priority instance type, and so on. This is the default value for Auto Scaling groups that don't specify InstanceRequirements and cannot be used for groups that do.",
          "type" : "string"
        },
        "OnDemandBaseCapacity" : {
          "description" : "The minimum amount of the Auto Scaling group's capacity that must be fulfilled by On-Demand Instances. This base portion is launched first as your group scales.\n This number has the same unit of measurement as the group's desired capacity. If you change the default unit of measurement (number of instances) by specifying weighted capacity values in your launch template overrides list, or by changing the default desired capacity type setting of the group, you must specify this number using the same unit of measurement.\n Default: 0\n  An update to this setting means a gradual replacement of instances to adjust the current On-Demand Instance levels. When replacing instances, Amazon EC2 Auto Scaling launches new instances before terminating the previous ones.",
          "type" : "integer"
        },
        "OnDemandPercentageAboveBaseCapacity" : {
          "description" : "Controls the percentages of On-Demand Instances and Spot Instances for your additional capacity beyond ``OnDemandBaseCapacity``. Expressed as a number (for example, 20 specifies 20% On-Demand Instances, 80% Spot Instances). If set to 100, only On-Demand Instances are used.\n Default: 100\n  An update to this setting means a gradual replacement of instances to adjust the current On-Demand and Spot Instance levels for your additional capacity higher than the base capacity. When replacing instances, Amazon EC2 Auto Scaling launches new instances before terminating the previous ones.",
          "type" : "integer"
        },
        "SpotInstancePools" : {
          "description" : "The number of Spot Instance pools across which to allocate your Spot Instances. The Spot pools are determined from the different instance types in the overrides. Valid only when the ``SpotAllocationStrategy`` is ``lowest-price``. Value must be in the range of 1–20.\n Default: 2",
          "type" : "integer"
        },
        "SpotAllocationStrategy" : {
          "description" : "The allocation strategy to apply to your Spot Instances when they are launched. Possible instance types are determined by the launch template overrides that you specify.\n The following lists the valid values:\n  + capacity-optimized Requests Spot Instances using pools that are optimally chosen based on the available Spot capacity. This strategy has the lowest risk of interruption. To give certain instance types a higher chance of launching first, use capacity-optimized-prioritized. + capacity-optimized-prioritized You set the order of instance types for the launch template overrides from highest to lowest priority (from first to last in the list). Amazon EC2 Auto Scaling honors the instance type priorities on a best effort basis but optimizes for capacity first. Note that if the On-Demand allocation strategy is set to prioritized, the same priority is applied when fulfilling On-Demand capacity. This is not a valid value for Auto Scaling groups that specify InstanceRequirements. + lowest-price Requests Spot Instances using the lowest priced pools within an Availability Zone, across the number of Spot pools that you specify for the SpotInstancePools property. To ensure that your desired capacity is met, you might receive Spot Instances from several pools. This is the default value, but it might lead to high interruption rates because this strategy only considers instance price and not available capacity. + price-capacity-optimized (recommended) The price and capacity optimized allocation strategy looks at both price and capacity to select the Spot Instance pools that are the least likely to be interrupted and have the lowest possible price.",
          "type" : "string"
        },
        "SpotMaxPrice" : {
          "description" : "The maximum price per unit hour that you are willing to pay for a Spot Instance. If your maximum price is lower than the Spot price for the instance types that you selected, your Spot Instances are not launched. We do not recommend specifying a maximum price because it can lead to increased interruptions. When Spot Instances launch, you pay the current Spot price. To remove a maximum price that you previously set, include the property but specify an empty string (\"\") for the value.\n  If you specify a maximum price, your instances will be interrupted more frequently than if you do not specify one.\n  Valid Range: Minimum value of 0.001",
          "type" : "string"
        }
      }
    },
    "AcceleratorCountRequest" : {
      "description" : "``AcceleratorCountRequest`` is a property of the ``InstanceRequirements`` property of the [AWS::AutoScaling::AutoScalingGroup LaunchTemplateOverrides](https://docs.aws.amazon.com/AWSCloudFormation/latest/UserGuide/aws-properties-autoscaling-autoscalinggroup-launchtemplateoverrides.html) property type that describes the minimum and maximum number of accelerators for an instance type.",
      "additionalProperties" : false,
      "type" : "object",
      "properties" : {
        "Min" : {
          "description" : "The minimum value.",
          "type" : "integer"
        },
        "Max" : {
          "description" : "The maximum value.",
          "type" : "integer"
        }
      }
    },
    "AvailabilityZoneDistribution" : {
      "description" : "``AvailabilityZoneDistribution`` is a property of the [AWS::AutoScaling::AutoScalingGroup](https://docs.aws.amazon.com/AWSCloudFormation/latest/UserGuide/aws-resource-autoscaling-autoscalinggroup.html) resource.",
      "additionalProperties" : false,
      "type" : "object",
      "properties" : {
        "CapacityDistributionStrategy" : {
          "description" : "If launches fail in an Availability Zone, the following strategies are available. The default is ``balanced-best-effort``. \n  +   ``balanced-only`` - If launches fail in an Availability Zone, Auto Scaling will continue to attempt to launch in the unhealthy zone to preserve a balanced distribution.\n  +   ``balanced-best-effort`` - If launches fail in an Availability Zone, Auto Scaling will attempt to launch in another healthy Availability Zone instead.",
          "type" : "string",
          "enum" : [ "balanced-best-effort", "balanced-only" ]
        }
      }
    },
    "NotificationConfiguration" : {
      "description" : "A structure that specifies an Amazon SNS notification configuration for the ``NotificationConfigurations`` property of the [AWS::AutoScaling::AutoScalingGroup](https://docs.aws.amazon.com/AWSCloudFormation/latest/UserGuide/aws-resource-autoscaling-autoscalinggroup.html) resource.\n For an example template snippet, see [Configure Amazon EC2 Auto Scaling resources](https://docs.aws.amazon.com/AWSCloudFormation/latest/UserGuide/quickref-ec2-auto-scaling.html).\n For more information, see [Get Amazon SNS notifications when your Auto Scaling group scales](https://docs.aws.amazon.com/autoscaling/ec2/userguide/ASGettingNotifications.html) in the *Amazon EC2 Auto Scaling User Guide*.",
      "additionalProperties" : false,
      "type" : "object",
      "properties" : {
        "TopicARN" : {
          "description" : "The Amazon Resource Name (ARN) of the Amazon SNS topic.",
          "type" : [ "string", "array" ],
          "items" : {
            "type" : "string"
          }
        },
        "NotificationTypes" : {
          "uniqueItems" : false,
          "description" : "A list of event types that send a notification. Event types can include any of the following types. \n  *Allowed values*:\n  +   ``autoscaling:EC2_INSTANCE_LAUNCH`` \n  +   ``autoscaling:EC2_INSTANCE_LAUNCH_ERROR`` \n  +   ``autoscaling:EC2_INSTANCE_TERMINATE`` \n  +   ``autoscaling:EC2_INSTANCE_TERMINATE_ERROR`` \n  +   ``autoscaling:TEST_NOTIFICATION``",
          "insertionOrder" : false,
          "type" : "array",
          "items" : {
            "type" : "string"
          }
        }
      },
      "required" : [ "TopicARN" ]
    },
    "MetricsCollection" : {
      "description" : "``MetricsCollection`` is a property of the [AWS::AutoScaling::AutoScalingGroup](https://docs.aws.amazon.com/AWSCloudFormation/latest/UserGuide/aws-resource-autoscaling-autoscalinggroup.html) resource that describes the group metrics that an Amazon EC2 Auto Scaling group sends to Amazon CloudWatch. These metrics describe the group rather than any of its instances. \n For more information, see [Monitor CloudWatch metrics for your Auto Scaling groups and instances](https://docs.aws.amazon.com/autoscaling/ec2/userguide/as-instance-monitoring.html) in the *Amazon EC2 Auto Scaling User Guide*. You can find a sample template snippet in the [Examples](https://docs.aws.amazon.com/AWSCloudFormation/latest/UserGuide/aws-resource-autoscaling-autoscalinggroup.html#aws-resource-autoscaling-autoscalinggroup--examples) section of the ``AWS::AutoScaling::AutoScalingGroup`` resource.",
      "additionalProperties" : false,
      "type" : "object",
      "properties" : {
        "Metrics" : {
          "uniqueItems" : false,
          "description" : "Identifies the metrics to enable.\n You can specify one or more of the following metrics:\n  +   ``GroupMinSize`` \n  +   ``GroupMaxSize`` \n  +   ``GroupDesiredCapacity`` \n  +   ``GroupInServiceInstances`` \n  +   ``GroupPendingInstances`` \n  +   ``GroupStandbyInstances`` \n  +   ``GroupTerminatingInstances`` \n  +   ``GroupTotalInstances`` \n  +   ``GroupInServiceCapacity`` \n  +   ``GroupPendingCapacity`` \n  +   ``GroupStandbyCapacity`` \n  +   ``GroupTerminatingCapacity`` \n  +   ``GroupTotalCapacity`` \n  +   ``WarmPoolDesiredCapacity`` \n  +   ``WarmPoolWarmedCapacity`` \n  +   ``WarmPoolPendingCapacity`` \n  +   ``WarmPoolTerminatingCapacity`` \n  +   ``WarmPoolTotalCapacity`` \n  +   ``GroupAndWarmPoolDesiredCapacity`` \n  +   ``GroupAndWarmPoolTotalCapacity`` \n  \n If you specify ``Granularity`` and don't specify any metrics, all metrics are enabled.\n For more information, see [Amazon CloudWatch metrics for Amazon EC2 Auto Scaling](https://docs.aws.amazon.com/autoscaling/ec2/userguide/ec2-auto-scaling-metrics.html) in the *Amazon EC2 Auto Scaling User Guide*.",
          "insertionOrder" : false,
          "type" : "array",
          "items" : {
            "type" : "string"
          }
        },
        "Granularity" : {
          "description" : "The frequency at which Amazon EC2 Auto Scaling sends aggregated data to CloudWatch. The only valid value is ``1Minute``.",
          "type" : "string"
        }
      },
      "required" : [ "Granularity" ]
    },
    "MemoryMiBRequest" : {
      "description" : "``MemoryMiBRequest`` is a property of the ``InstanceRequirements`` property of the [AWS::AutoScaling::AutoScalingGroup LaunchTemplateOverrides](https://docs.aws.amazon.com/AWSCloudFormation/latest/UserGuide/aws-properties-autoscaling-autoscalinggroup-launchtemplateoverrides.html) property type that describes the minimum and maximum instance memory size for an instance type, in MiB.",
      "additionalProperties" : false,
      "type" : "object",
      "properties" : {
        "Min" : {
          "description" : "The memory minimum in MiB.",
          "type" : "integer"
        },
        "Max" : {
          "description" : "The memory maximum in MiB.",
          "type" : "integer"
        }
      }
    },
    "InstanceMaintenancePolicy" : {
      "description" : "``InstanceMaintenancePolicy`` is a property of the [AWS::AutoScaling::AutoScalingGroup](https://docs.aws.amazon.com/AWSCloudFormation/latest/UserGuide/aws-resource-autoscaling-autoscalinggroup.html) resource.\n For more information, see [Instance maintenance policies](https://docs.aws.amazon.com/autoscaling/ec2/userguide/ec2-auto-scaling-instance-maintenance-policy.html) in the *Amazon EC2 Auto Scaling User Guide*.",
      "additionalProperties" : false,
      "type" : "object",
      "properties" : {
        "MaxHealthyPercentage" : {
          "description" : "Specifies the upper threshold as a percentage of the desired capacity of the Auto Scaling group. It represents the maximum percentage of the group that can be in service and healthy, or pending, to support your workload when replacing instances. Value range is 100 to 200. To clear a previously set value, specify a value of ``-1``.\n Both ``MinHealthyPercentage`` and ``MaxHealthyPercentage`` must be specified, and the difference between them cannot be greater than 100. A large range increases the number of instances that can be replaced at the same time.",
          "type" : "integer"
        },
        "MinHealthyPercentage" : {
          "description" : "Specifies the lower threshold as a percentage of the desired capacity of the Auto Scaling group. It represents the minimum percentage of the group to keep in service, healthy, and ready to use to support your workload when replacing instances. Value range is 0 to 100. To clear a previously set value, specify a value of ``-1``.",
          "type" : "integer"
        }
      },
      "dependencies" : {
        "MaxHealthyPercentage" : [ "MinHealthyPercentage" ],
        "MinHealthyPercentage" : [ "MaxHealthyPercentage" ]
      }
    },
    "BaselinePerformanceFactorsRequest" : {
      "description" : "The baseline performance to consider, using an instance family as a baseline reference. The instance family establishes the lowest acceptable level of performance. Auto Scaling uses this baseline to guide instance type selection, but there is no guarantee that the selected instance types will always exceed the baseline for every application. \n Currently, this parameter only supports CPU performance as a baseline performance factor. For example, specifying ``c6i`` uses the CPU performance of the ``c6i`` family as the baseline reference.",
      "additionalProperties" : false,
      "type" : "object",
      "properties" : {
        "Cpu" : {
          "description" : "The CPU performance to consider, using an instance family as the baseline reference.",
          "$ref" : "#/definitions/CpuPerformanceFactorRequest"
        }
      }
    },
    "PerformanceFactorReferenceSetRequest" : {
      "uniqueItems" : true,
      "insertionOrder" : true,
      "type" : "array",
      "items" : {
        "$ref" : "#/definitions/PerformanceFactorReferenceRequest"
      }
    },
    "AcceleratorTotalMemoryMiBRequest" : {
      "description" : "``AcceleratorTotalMemoryMiBRequest`` is a property of the ``InstanceRequirements`` property of the [AWS::AutoScaling::AutoScalingGroup LaunchTemplateOverrides](https://docs.aws.amazon.com/AWSCloudFormation/latest/UserGuide/aws-properties-autoscaling-autoscalinggroup-launchtemplateoverrides.html) property type that describes the minimum and maximum total memory size for the accelerators for an instance type, in MiB.",
      "additionalProperties" : false,
      "type" : "object",
      "properties" : {
        "Min" : {
          "description" : "The memory minimum in MiB.",
          "type" : "integer"
        },
        "Max" : {
          "description" : "The memory maximum in MiB.",
          "type" : "integer"
        }
      }
    },
    "TrafficSourceIdentifier" : {
      "description" : "Identifying information for a traffic source.",
      "additionalProperties" : false,
      "type" : "object",
      "properties" : {
        "Type" : {
          "description" : "Provides additional context for the value of ``Identifier``.\n The following lists the valid values:\n  +   ``elb`` if ``Identifier`` is the name of a Classic Load Balancer.\n  +   ``elbv2`` if ``Identifier`` is the ARN of an Application Load Balancer, Gateway Load Balancer, or Network Load Balancer target group.\n  +   ``vpc-lattice`` if ``Identifier`` is the ARN of a VPC Lattice target group.\n  \n Required if the identifier is the name of a Classic Load Balancer.",
          "type" : "string"
        },
        "Identifier" : {
          "description" : "Identifies the traffic source.\n For Application Load Balancers, Gateway Load Balancers, Network Load Balancers, and VPC Lattice, this will be the Amazon Resource Name (ARN) for a target group in this account and Region. For Classic Load Balancers, this will be the name of the Classic Load Balancer in this account and Region.\n For example: \n  +  Application Load Balancer ARN: ``arn:aws:elasticloadbalancing:us-west-2:123456789012:targetgroup/my-targets/1234567890123456`` \n  +  Classic Load Balancer name: ``my-classic-load-balancer`` \n  +  VPC Lattice ARN: ``arn:aws:vpc-lattice:us-west-2:123456789012:targetgroup/tg-1234567890123456`` \n  \n To get the ARN of a target group for a Application Load Balancer, Gateway Load Balancer, or Network Load Balancer, or the name of a Classic Load Balancer, use the Elastic Load Balancing [DescribeTargetGroups](https://docs.aws.amazon.com/elasticloadbalancing/latest/APIReference/API_DescribeTargetGroups.html) and [DescribeLoadBalancers](https://docs.aws.amazon.com/elasticloadbalancing/latest/APIReference/API_DescribeLoadBalancers.html) API operations.\n To get the ARN of a target group for VPC Lattice, use the VPC Lattice [GetTargetGroup](https://docs.aws.amazon.com/vpc-lattice/latest/APIReference/API_GetTargetGroup.html) API operation.",
          "type" : "string"
        }
      },
      "required" : [ "Identifier", "Type" ]
    },
    "InstanceRequirements" : {
      "description" : "The attributes for the instance types for a mixed instances policy. Amazon EC2 Auto Scaling uses your specified requirements to identify instance types. Then, it uses your On-Demand and Spot allocation strategies to launch instances from these instance types.\n When you specify multiple attributes, you get instance types that satisfy all of the specified attributes. If you specify multiple values for an attribute, you get instance types that satisfy any of the specified values.\n To limit the list of instance types from which Amazon EC2 Auto Scaling can identify matching instance types, you can use one of the following parameters, but not both in the same request:\n  +   ``AllowedInstanceTypes`` - The instance types to include in the list. All other instance types are ignored, even if they match your specified attributes.\n  +   ``ExcludedInstanceTypes`` - The instance types to exclude from the list, even if they match your specified attributes.\n  \n  You must specify ``VCpuCount`` and ``MemoryMiB``. All other attributes are optional. Any unspecified optional attribute is set to its default.\n  For an example template, see [Configure Amazon EC2 Auto Scaling resources](https://docs.aws.amazon.com/AWSCloudFormation/latest/UserGuide/quickref-ec2-auto-scaling.html).\n For more information, see [Creating an Auto Scaling group using attribute-based instance type selection](https://docs.aws.amazon.com/autoscaling/ec2/userguide/create-asg-instance-type-requirements.html) in the *Amazon EC2 Auto Scaling User Guide*. For help determining which instance types match your attributes before you apply them to your Auto Scaling group, see [Preview instance types with specified attributes](https://docs.aws.amazon.com/AWSEC2/latest/UserGuide/ec2-fleet-attribute-based-instance-type-selection.html#ec2fleet-get-instance-types-from-instance-requirements) in the *Amazon EC2 User Guide for Linux Instances*.\n  ``InstanceRequirements`` is a property of the ``LaunchTemplateOverrides`` property of the [AWS::AutoScaling::AutoScalingGroup LaunchTemplate](https://docs.aws.amazon.com/AWSCloudFormation/latest/UserGuide/aws-properties-autoscaling-autoscalinggroup-launchtemplate.html) property type.",
      "additionalProperties" : false,
      "type" : "object",
      "properties" : {
        "InstanceGenerations" : {
          "uniqueItems" : true,
          "description" : "Indicates whether current or previous generation instance types are included.\n  +  For current generation instance types, specify ``current``. The current generation includes EC2 instance types currently recommended for use. This typically includes the latest two to three generations in each instance family. For more information, see [Instance types](https://docs.aws.amazon.com/AWSEC2/latest/UserGuide/instance-types.html) in the *Amazon EC2 User Guide for Linux Instances*.\n  +  For previous generation instance types, specify ``previous``.\n  \n Default: Any current or previous generation",
          "insertionOrder" : false,
          "type" : "array",
          "items" : {
            "type" : "string"
          }
        },
        "AcceleratorTypes" : {
          "uniqueItems" : true,
          "description" : "Lists the accelerator types that must be on an instance type.\n  +  For instance types with GPU accelerators, specify ``gpu``.\n  +  For instance types with FPGA accelerators, specify ``fpga``.\n  +  For instance types with inference accelerators, specify ``inference``.\n  \n Default: Any accelerator type",
          "insertionOrder" : false,
          "type" : "array",
          "items" : {
            "type" : "string"
          }
        },
        "MemoryGiBPerVCpu" : {
          "description" : "The minimum and maximum amount of memory per vCPU for an instance type, in GiB.\n Default: No minimum or maximum limits",
          "$ref" : "#/definitions/MemoryGiBPerVCpuRequest"
        },
        "AcceleratorManufacturers" : {
          "uniqueItems" : true,
          "description" : "Indicates whether instance types must have accelerators by specific manufacturers.\n  +  For instance types with NVIDIA devices, specify ``nvidia``.\n  +  For instance types with AMD devices, specify ``amd``.\n  +  For instance types with AWS devices, specify ``amazon-web-services``.\n  +  For instance types with Xilinx devices, specify ``xilinx``.\n  \n Default: Any manufacturer",
          "insertionOrder" : false,
          "type" : "array",
          "items" : {
            "type" : "string"
          }
        },
        "VCpuCount" : {
          "description" : "The minimum and maximum number of vCPUs for an instance type.",
          "$ref" : "#/definitions/VCpuCountRequest"
        },
        "LocalStorage" : {
          "description" : "Indicates whether instance types with instance store volumes are included, excluded, or required. For more information, see [Amazon EC2 instance store](https://docs.aws.amazon.com/AWSEC2/latest/UserGuide/InstanceStorage.html) in the *Amazon EC2 User Guide for Linux Instances*.\n Default: ``included``",
          "type" : "string"
        },
        "CpuManufacturers" : {
          "uniqueItems" : true,
          "description" : "Lists which specific CPU manufacturers to include.\n  +  For instance types with Intel CPUs, specify ``intel``.\n  +  For instance types with AMD CPUs, specify ``amd``.\n  +  For instance types with AWS CPUs, specify ``amazon-web-services``.\n  \n  Don't confuse the CPU hardware manufacturer with the CPU hardware architecture. Instances will be launched with a compatible CPU architecture based on the Amazon Machine Image (AMI) that you specify in your launch template. \n  Default: Any manufacturer",
          "insertionOrder" : false,
          "type" : "array",
          "items" : {
            "type" : "string"
          }
        },
        "BareMetal" : {
          "description" : "Indicates whether bare metal instance types are included, excluded, or required.\n Default: ``excluded``",
          "type" : "string"
        },
        "RequireHibernateSupport" : {
          "description" : "Indicates whether instance types must provide On-Demand Instance hibernation support.\n Default: ``false``",
          "type" : "boolean"
        },
        "MaxSpotPriceAsPercentageOfOptimalOnDemandPrice" : {
          "description" : "[Price protection] The price protection threshold for Spot Instances, as a percentage of an identified On-Demand price. The identified On-Demand price is the price of the lowest priced current generation C, M, or R instance type with your specified attributes. If no current generation C, M, or R instance type matches your attributes, then the identified price is from either the lowest priced current generation instance types or, failing that, the lowest priced previous generation instance types that match your attributes. When Amazon EC2 Auto Scaling selects instance types with your attributes, we will exclude instance types whose price exceeds your specified threshold.\n The parameter accepts an integer, which Amazon EC2 Auto Scaling interprets as a percentage.\n If you set ``DesiredCapacityType`` to ``vcpu`` or ``memory-mib``, the price protection threshold is based on the per-vCPU or per-memory price instead of the per instance price. \n  Only one of ``SpotMaxPricePercentageOverLowestPrice`` or ``MaxSpotPriceAsPercentageOfOptimalOnDemandPrice`` can be specified. If you don't specify either, Amazon EC2 Auto Scaling will automatically apply optimal price protection to consistently select from a wide range of instance types. To indicate no price protection threshold for Spot Instances, meaning you want to consider all instance types that match your attributes, include one of these parameters and specify a high value, such as ``999999``.",
          "type" : "integer"
        },
        "OnDemandMaxPricePercentageOverLowestPrice" : {
          "description" : "[Price protection] The price protection threshold for On-Demand Instances, as a percentage higher than an identified On-Demand price. The identified On-Demand price is the price of the lowest priced current generation C, M, or R instance type with your specified attributes. If no current generation C, M, or R instance type matches your attributes, then the identified price is from either the lowest priced current generation instance types or, failing that, the lowest priced previous generation instance types that match your attributes. When Amazon EC2 Auto Scaling selects instance types with your attributes, we will exclude instance types whose price exceeds your specified threshold. \n The parameter accepts an integer, which Amazon EC2 Auto Scaling interprets as a percentage.\n To turn off price protection, specify a high value, such as ``999999``. \n If you set ``DesiredCapacityType`` to ``vcpu`` or ``memory-mib``, the price protection threshold is applied based on the per-vCPU or per-memory price instead of the per instance price. \n Default: ``20``",
          "type" : "integer"
        },
        "MemoryMiB" : {
          "description" : "The minimum and maximum instance memory size for an instance type, in MiB.",
          "$ref" : "#/definitions/MemoryMiBRequest"
        },
        "LocalStorageTypes" : {
          "uniqueItems" : true,
          "description" : "Indicates the type of local storage that is required.\n  +  For instance types with hard disk drive (HDD) storage, specify ``hdd``.\n  +  For instance types with solid state drive (SSD) storage, specify ``ssd``.\n  \n Default: Any local storage type",
          "insertionOrder" : false,
          "type" : "array",
          "items" : {
            "type" : "string"
          }
        },
        "NetworkInterfaceCount" : {
          "description" : "The minimum and maximum number of network interfaces for an instance type.\n Default: No minimum or maximum limits",
          "$ref" : "#/definitions/NetworkInterfaceCountRequest"
        },
        "ExcludedInstanceTypes" : {
          "uniqueItems" : true,
          "description" : "The instance types to exclude. You can use strings with one or more wild cards, represented by an asterisk (``*``), to exclude an instance family, type, size, or generation. The following are examples: ``m5.8xlarge``, ``c5*.*``, ``m5a.*``, ``r*``, ``*3*``. \n For example, if you specify ``c5*``, you are excluding the entire C5 instance family, which includes all C5a and C5n instance types. If you specify ``m5a.*``, Amazon EC2 Auto Scaling will exclude all the M5a instance types, but not the M5n instance types.\n  If you specify ``ExcludedInstanceTypes``, you can't specify ``AllowedInstanceTypes``.\n  Default: No excluded instance types",
          "insertionOrder" : true,
          "type" : "array",
          "items" : {
            "type" : "string"
          }
        },
        "AllowedInstanceTypes" : {
          "uniqueItems" : true,
          "description" : "The instance types to apply your specified attributes against. All other instance types are ignored, even if they match your specified attributes.\n You can use strings with one or more wild cards, represented by an asterisk (``*``), to allow an instance type, size, or generation. The following are examples: ``m5.8xlarge``, ``c5*.*``, ``m5a.*``, ``r*``, ``*3*``.\n For example, if you specify ``c5*``, Amazon EC2 Auto Scaling will allow the entire C5 instance family, which includes all C5a and C5n instance types. If you specify ``m5a.*``, Amazon EC2 Auto Scaling will allow all the M5a instance types, but not the M5n instance types.\n  If you specify ``AllowedInstanceTypes``, you can't specify ``ExcludedInstanceTypes``.\n  Default: All instance types",
          "insertionOrder" : true,
          "type" : "array",
          "items" : {
            "type" : "string"
          }
        },
        "AcceleratorCount" : {
          "description" : "The minimum and maximum number of accelerators (GPUs, FPGAs, or AWS Inferentia chips) for an instance type.\n To exclude accelerator-enabled instance types, set ``Max`` to ``0``.\n Default: No minimum or maximum limits",
          "$ref" : "#/definitions/AcceleratorCountRequest"
        },
        "NetworkBandwidthGbps" : {
          "description" : "The minimum and maximum amount of network bandwidth, in gigabits per second (Gbps).\n Default: No minimum or maximum limits",
          "$ref" : "#/definitions/NetworkBandwidthGbpsRequest"
        },
        "BaselinePerformanceFactors" : {
          "description" : "The baseline performance factors for the instance requirements.",
          "$ref" : "#/definitions/BaselinePerformanceFactorsRequest"
        },
        "BaselineEbsBandwidthMbps" : {
          "description" : "The minimum and maximum baseline bandwidth performance for an instance type, in Mbps. For more information, see [Amazon EBS–optimized instances](https://docs.aws.amazon.com/AWSEC2/latest/UserGuide/ebs-optimized.html) in the *Amazon EC2 User Guide for Linux Instances*.\n Default: No minimum or maximum limits",
          "$ref" : "#/definitions/BaselineEbsBandwidthMbpsRequest"
        },
        "SpotMaxPricePercentageOverLowestPrice" : {
          "description" : "[Price protection] The price protection threshold for Spot Instances, as a percentage higher than an identified Spot price. The identified Spot price is the price of the lowest priced current generation C, M, or R instance type with your specified attributes. If no current generation C, M, or R instance type matches your attributes, then the identified price is from either the lowest priced current generation instance types or, failing that, the lowest priced previous generation instance types that match your attributes. When Amazon EC2 Auto Scaling selects instance types with your attributes, we will exclude instance types whose price exceeds your specified threshold.\n The parameter accepts an integer, which Amazon EC2 Auto Scaling interprets as a percentage. \n If you set ``DesiredCapacityType`` to ``vcpu`` or ``memory-mib``, the price protection threshold is based on the per-vCPU or per-memory price instead of the per instance price. \n  Only one of ``SpotMaxPricePercentageOverLowestPrice`` or ``MaxSpotPriceAsPercentageOfOptimalOnDemandPrice`` can be specified. If you don't specify either, Amazon EC2 Auto Scaling will automatically apply optimal price protection to consistently select from a wide range of instance types. To indicate no price protection threshold for Spot Instances, meaning you want to consider all instance types that match your attributes, include one of these parameters and specify a high value, such as ``999999``.",
          "type" : "integer"
        },
        "AcceleratorNames" : {
          "uniqueItems" : true,
          "description" : "Lists the accelerators that must be on an instance type.\n  +  For instance types with NVIDIA A100 GPUs, specify ``a100``.\n  +  For instance types with NVIDIA V100 GPUs, specify ``v100``.\n  +  For instance types with NVIDIA K80 GPUs, specify ``k80``.\n  +  For instance types with NVIDIA T4 GPUs, specify ``t4``.\n  +  For instance types with NVIDIA M60 GPUs, specify ``m60``.\n  +  For instance types with AMD Radeon Pro V520 GPUs, specify ``radeon-pro-v520``.\n  +  For instance types with Xilinx VU9P FPGAs, specify ``vu9p``.\n  \n Default: Any accelerator",
          "insertionOrder" : false,
          "type" : "array",
          "items" : {
            "type" : "string"
          }
        },
        "AcceleratorTotalMemoryMiB" : {
          "description" : "The minimum and maximum total memory size for the accelerators on an instance type, in MiB.\n Default: No minimum or maximum limits",
          "$ref" : "#/definitions/AcceleratorTotalMemoryMiBRequest"
        },
        "BurstablePerformance" : {
          "description" : "Indicates whether burstable performance instance types are included, excluded, or required. For more information, see [Burstable performance instances](https://docs.aws.amazon.com/AWSEC2/latest/UserGuide/burstable-performance-instances.html) in the *Amazon EC2 User Guide for Linux Instances*.\n Default: ``excluded``",
          "type" : "string"
        },
        "TotalLocalStorageGB" : {
          "description" : "The minimum and maximum total local storage size for an instance type, in GB.\n Default: No minimum or maximum limits",
          "$ref" : "#/definitions/TotalLocalStorageGBRequest"
        }
      },
      "required" : [ "MemoryMiB", "VCpuCount" ]
    },
    "CapacityReservationTarget" : {
      "description" : "The target for the Capacity Reservation. Specify Capacity Reservations IDs or Capacity Reservation resource group ARNs.",
      "additionalProperties" : false,
      "type" : "object",
      "properties" : {
        "CapacityReservationIds" : {
          "description" : "The Capacity Reservation IDs to launch instances into.",
          "$ref" : "#/definitions/CapacityReservationIds"
        },
        "CapacityReservationResourceGroupArns" : {
          "description" : "The resource group ARNs of the Capacity Reservation to launch instances into.",
          "$ref" : "#/definitions/CapacityReservationResourceGroupArns"
        }
      }
    },
    "CapacityReservationSpecification" : {
      "description" : "Describes the Capacity Reservation preference and targeting options. If you specify ``open`` or ``none`` for ``CapacityReservationPreference``, do not specify a ``CapacityReservationTarget``.",
      "additionalProperties" : false,
      "type" : "object",
      "properties" : {
        "CapacityReservationPreference" : {
          "description" : "The capacity reservation preference. The following options are available: \n  +   ``capacity-reservations-only`` - Auto Scaling will only launch instances into a Capacity Reservation or Capacity Reservation resource group. If capacity isn't available, instances will fail to launch.\n  +   ``capacity-reservations-first`` - Auto Scaling will try to launch instances into a Capacity Reservation or Capacity Reservation resource group first. If capacity isn't available, instances will run in On-Demand capacity.\n  +   ``none`` - Auto Scaling will not launch instances into a Capacity Reservation. Instances will run in On-Demand capacity. \n  +   ``default`` - Auto Scaling uses the Capacity Reservation preference from your launch template or an open Capacity Reservation.",
          "type" : "string"
        },
        "CapacityReservationTarget" : {
          "description" : "Describes a target Capacity Reservation or Capacity Reservation resource group.",
          "$ref" : "#/definitions/CapacityReservationTarget"
        }
      },
      "required" : [ "CapacityReservationPreference" ]
    }
  },
  "properties" : {
    "LifecycleHookSpecificationList" : {
      "uniqueItems" : false,
      "description" : "One or more lifecycle hooks to add to the Auto Scaling group before instances are launched.",
      "insertionOrder" : true,
      "type" : "array",
      "items" : {
        "$ref" : "#/definitions/LifecycleHookSpecification"
      }
    },
    "LoadBalancerNames" : {
      "uniqueItems" : false,
      "description" : "A list of Classic Load Balancers associated with this Auto Scaling group. For Application Load Balancers, Network Load Balancers, and Gateway Load Balancers, specify the ``TargetGroupARNs`` property instead.",
      "insertionOrder" : true,
      "type" : "array",
      "items" : {
        "type" : "string"
      }
    },
    "LaunchConfigurationName" : {
      "description" : "The name of the launch configuration to use to launch instances.\n Required only if you don't specify ``LaunchTemplate``, ``MixedInstancesPolicy``, or ``InstanceId``.",
      "type" : "string"
    },
    "ServiceLinkedRoleARN" : {
      "description" : "The Amazon Resource Name (ARN) of the service-linked role that the Auto Scaling group uses to call other AWS service on your behalf. By default, Amazon EC2 Auto Scaling uses a service-linked role named ``AWSServiceRoleForAutoScaling``, which it creates if it does not exist. For more information, see [Service-linked roles](https://docs.aws.amazon.com/autoscaling/ec2/userguide/autoscaling-service-linked-role.html) in the *Amazon EC2 Auto Scaling User Guide*.",
      "type" : "string"
    },
    "AvailabilityZoneImpairmentPolicy" : {
      "description" : "The Availability Zone impairment policy.",
      "$ref" : "#/definitions/AvailabilityZoneImpairmentPolicy"
    },
    "TargetGroupARNs" : {
      "uniqueItems" : false,
      "description" : "The Amazon Resource Names (ARN) of the Elastic Load Balancing target groups to associate with the Auto Scaling group. Instances are registered as targets with the target groups. The target groups receive incoming traffic and route requests to one or more registered targets. For more information, see [Use Elastic Load Balancing to distribute traffic across the instances in your Auto Scaling group](https://docs.aws.amazon.com/autoscaling/ec2/userguide/autoscaling-load-balancer.html) in the *Amazon EC2 Auto Scaling User Guide*.",
      "insertionOrder" : false,
      "type" : "array",
      "items" : {
        "type" : "string"
      }
    },
    "Cooldown" : {
      "description" : "*Only needed if you use simple scaling policies.* \n The amount of time, in seconds, between one scaling activity ending and another one starting due to simple scaling policies. For more information, see [Scaling cooldowns for Amazon EC2 Auto Scaling](https://docs.aws.amazon.com/autoscaling/ec2/userguide/ec2-auto-scaling-scaling-cooldowns.html) in the *Amazon EC2 Auto Scaling User Guide*.\n Default: ``300`` seconds",
      "type" : "string"
    },
    "NotificationConfigurations" : {
      "uniqueItems" : false,
      "description" : "Configures an Auto Scaling group to send notifications when specified events take place.",
      "insertionOrder" : true,
      "type" : "array",
      "items" : {
        "$ref" : "#/definitions/NotificationConfiguration"
      }
    },
    "DesiredCapacity" : {
      "pattern" : "^[0-9]+$",
      "description" : "The desired capacity is the initial capacity of the Auto Scaling group at the time of its creation and the capacity it attempts to maintain. It can scale beyond this capacity if you configure automatic scaling.\n The number must be greater than or equal to the minimum size of the group and less than or equal to the maximum size of the group. If you do not specify a desired capacity when creating the stack, the default is the minimum size of the group.\n CloudFormation marks the Auto Scaling group as successful (by setting its status to CREATE_COMPLETE) when the desired capacity is reached. However, if a maximum Spot price is set in the launch template or launch configuration that you specified, then desired capacity is not used as a criteria for success. Whether your request is fulfilled depends on Spot Instance capacity and your maximum price.",
      "type" : "string"
    },
    "HealthCheckGracePeriod" : {
      "description" : "The amount of time, in seconds, that Amazon EC2 Auto Scaling waits before checking the health status of an EC2 instance that has come into service and marking it unhealthy due to a failed health check. This is useful if your instances do not immediately pass their health checks after they enter the ``InService`` state. For more information, see [Set the health check grace period for an Auto Scaling group](https://docs.aws.amazon.com/autoscaling/ec2/userguide/health-check-grace-period.html) in the *Amazon EC2 Auto Scaling User Guide*.\n Default: ``0`` seconds",
      "type" : "integer"
    },
    "DefaultInstanceWarmup" : {
      "description" : "The amount of time, in seconds, until a new instance is considered to have finished initializing and resource consumption to become stable after it enters the ``InService`` state. \n During an instance refresh, Amazon EC2 Auto Scaling waits for the warm-up period after it replaces an instance before it moves on to replacing the next instance. Amazon EC2 Auto Scaling also waits for the warm-up period before aggregating the metrics for new instances with existing instances in the Amazon CloudWatch metrics that are used for scaling, resulting in more reliable usage data. For more information, see [Set the default instance warmup for an Auto Scaling group](https://docs.aws.amazon.com/autoscaling/ec2/userguide/ec2-auto-scaling-default-instance-warmup.html) in the *Amazon EC2 Auto Scaling User Guide*.\n  To manage various warm-up settings at the group level, we recommend that you set the default instance warmup, *even if it is set to 0 seconds*. To remove a value that you previously set, include the property but specify ``-1`` for the value. However, we strongly recommend keeping the default instance warmup enabled by specifying a value of ``0`` or other nominal value.\n  Default: None",
      "type" : "integer"
    },
    "SkipZonalShiftValidation" : {
      "description" : "",
      "type" : "boolean"
    },
    "NewInstancesProtectedFromScaleIn" : {
      "description" : "Indicates whether newly launched instances are protected from termination by Amazon EC2 Auto Scaling when scaling in. For more information about preventing instances from terminating on scale in, see [Use instance scale-in protection](https://docs.aws.amazon.com/autoscaling/ec2/userguide/ec2-auto-scaling-instance-protection.html) in the *Amazon EC2 Auto Scaling User Guide*.",
      "type" : "boolean"
    },
    "LaunchTemplate" : {
      "description" : "Information used to specify the launch template and version to use to launch instances. You can alternatively associate a launch template to the Auto Scaling group by specifying a ``MixedInstancesPolicy``. For more information about creating launch templates, see [Create a launch template for an Auto Scaling group](https://docs.aws.amazon.com/autoscaling/ec2/userguide/create-launch-template.html) in the *Amazon EC2 Auto Scaling User Guide*.\n If you omit this property, you must specify ``MixedInstancesPolicy``, ``LaunchConfigurationName``, or ``InstanceId``.",
      "$ref" : "#/definitions/LaunchTemplateSpecification"
    },
    "MixedInstancesPolicy" : {
      "description" : "An embedded object that specifies a mixed instances policy.\n The policy includes properties that not only define the distribution of On-Demand Instances and Spot Instances, the maximum price to pay for Spot Instances (optional), and how the Auto Scaling group allocates instance types to fulfill On-Demand and Spot capacities, but also the properties that specify the instance configuration information—the launch template and instance types. The policy can also include a weight for each instance type and different launch templates for individual instance types.\n For more information, see [Auto Scaling groups with multiple instance types and purchase options](https://docs.aws.amazon.com/autoscaling/ec2/userguide/ec2-auto-scaling-mixed-instances-groups.html) in the *Amazon EC2 Auto Scaling User Guide*.",
      "$ref" : "#/definitions/MixedInstancesPolicy"
    },
    "VPCZoneIdentifier" : {
      "uniqueItems" : false,
      "description" : "A list of subnet IDs for a virtual private cloud (VPC) where instances in the Auto Scaling group can be created.\n If this resource specifies public subnets and is also in a VPC that is defined in the same stack template, you must use the [DependsOn attribute](https://docs.aws.amazon.com/AWSCloudFormation/latest/UserGuide/aws-attribute-dependson.html) to declare a dependency on the [VPC-gateway attachment](https://docs.aws.amazon.com/AWSCloudFormation/latest/UserGuide/aws-resource-ec2-vpc-gateway-attachment.html).\n  When you update ``VPCZoneIdentifier``, this retains the same Auto Scaling group and replaces old instances with new ones, according to the specified subnets. You can optionally specify how CloudFormation handles these updates by using an [UpdatePolicy attribute](https://docs.aws.amazon.com/AWSCloudFormation/latest/UserGuide/aws-attribute-updatepolicy.html).\n  Required to launch instances into a nondefault VPC. If you specify ``VPCZoneIdentifier`` with ``AvailabilityZones``, the subnets that you specify for this property must reside in those Availability Zones.",
      "insertionOrder" : false,
      "type" : "array",
      "items" : {
        "type" : "string"
      }
    },
    "Tags" : {
      "description" : "One or more tags. You can tag your Auto Scaling group and propagate the tags to the Amazon EC2 instances it launches. Tags are not propagated to Amazon EBS volumes. To add tags to Amazon EBS volumes, specify the tags in a launch template but use caution. If the launch template specifies an instance tag with a key that is also specified for the Auto Scaling group, Amazon EC2 Auto Scaling overrides the value of that instance tag with the value specified by the Auto Scaling group. For more information, see [Tag Auto Scaling groups and instances](https://docs.aws.amazon.com/autoscaling/ec2/userguide/ec2-auto-scaling-tagging.html) in the *Amazon EC2 Auto Scaling User Guide*.",
      "insertionOrder" : false,
      "type" : "array",
      "items" : {
        "$ref" : "#/definitions/TagProperty"
      }
    },
    "Context" : {
      "description" : "Reserved.",
      "type" : "string"
    },
    "CapacityRebalance" : {
      "description" : "Indicates whether Capacity Rebalancing is enabled. Otherwise, Capacity Rebalancing is disabled. When you turn on Capacity Rebalancing, Amazon EC2 Auto Scaling attempts to launch a Spot Instance whenever Amazon EC2 notifies that a Spot Instance is at an elevated risk of interruption. After launching a new instance, it then terminates an old instance. For more information, see [Use Capacity Rebalancing to handle Amazon EC2 Spot Interruptions](https://docs.aws.amazon.com/autoscaling/ec2/userguide/ec2-auto-scaling-capacity-rebalancing.html) in the in the *Amazon EC2 Auto Scaling User Guide*.",
      "type" : "boolean"
    },
    "InstanceId" : {
      "description" : "The ID of the instance used to base the launch configuration on. For more information, see [Create an Auto Scaling group using an EC2 instance](https://docs.aws.amazon.com/autoscaling/ec2/userguide/create-asg-from-instance.html) in the *Amazon EC2 Auto Scaling User Guide*.\n If you specify ``LaunchTemplate``, ``MixedInstancesPolicy``, or ``LaunchConfigurationName``, don't specify ``InstanceId``.",
      "type" : "string"
    },
    "AutoScalingGroupARN" : {
      "description" : "",
      "type" : "string"
    },
    "AvailabilityZones" : {
      "uniqueItems" : false,
      "description" : "A list of Availability Zones where instances in the Auto Scaling group can be created. Used for launching into the default VPC subnet in each Availability Zone when not using the ``VPCZoneIdentifier`` property, or for attaching a network interface when an existing network interface ID is specified in a launch template.",
      "insertionOrder" : false,
      "type" : "array",
      "items" : {
        "type" : "string"
      }
    },
    "NotificationConfiguration" : {
      "description" : "",
      "$ref" : "#/definitions/NotificationConfiguration"
    },
    "AvailabilityZoneDistribution" : {
      "description" : "The instance capacity distribution across Availability Zones.",
      "$ref" : "#/definitions/AvailabilityZoneDistribution"
    },
    "MetricsCollection" : {
      "uniqueItems" : false,
      "description" : "Enables the monitoring of group metrics of an Auto Scaling group. By default, these metrics are disabled.",
      "insertionOrder" : true,
      "type" : "array",
      "items" : {
        "$ref" : "#/definitions/MetricsCollection"
      }
    },
    "InstanceMaintenancePolicy" : {
      "description" : "An instance maintenance policy. For more information, see [Set instance maintenance policy](https://docs.aws.amazon.com/autoscaling/ec2/userguide/ec2-auto-scaling-instance-maintenance-policy.html) in the *Amazon EC2 Auto Scaling User Guide*.",
      "$ref" : "#/definitions/InstanceMaintenancePolicy"
    },
    "MaxSize" : {
      "pattern" : "^[0-9]+$",
      "description" : "The maximum size of the group.\n  With a mixed instances policy that uses instance weighting, Amazon EC2 Auto Scaling may need to go above ``MaxSize`` to meet your capacity requirements. In this event, Amazon EC2 Auto Scaling will never go above ``MaxSize`` by more than your largest instance weight (weights that define how many units each instance contributes to the desired capacity of the group).",
      "type" : "string"
    },
    "MinSize" : {
      "pattern" : "^[0-9]+$",
      "description" : "The minimum size of the group.",
      "type" : "string"
    },
    "TerminationPolicies" : {
      "uniqueItems" : false,
      "description" : "A policy or a list of policies that are used to select the instance to terminate. These policies are executed in the order that you list them. For more information, see [Configure termination policies for Amazon EC2 Auto Scaling](https://docs.aws.amazon.com/autoscaling/ec2/userguide/ec2-auto-scaling-termination-policies.html) in the *Amazon EC2 Auto Scaling User Guide*.\n Valid values: ``Default`` | ``AllocationStrategy`` | ``ClosestToNextInstanceHour`` | ``NewestInstance`` | ``OldestInstance`` | ``OldestLaunchConfiguration`` | ``OldestLaunchTemplate`` | ``arn:aws:lambda:region:account-id:function:my-function:my-alias``",
      "insertionOrder" : true,
      "type" : "array",
      "items" : {
        "type" : "string"
      }
    },
    "AutoScalingGroupName" : {
      "description" : "The name of the Auto Scaling group. This name must be unique per Region per account.\n The name can contain any ASCII character 33 to 126 including most punctuation characters, digits, and upper and lowercased letters.\n  You cannot use a colon (:) in the name.",
      "type" : "string"
    },
    "TrafficSources" : {
      "uniqueItems" : true,
      "description" : "The traffic sources associated with this Auto Scaling group.",
      "insertionOrder" : false,
      "type" : "array",
      "items" : {
        "$ref" : "#/definitions/TrafficSourceIdentifier"
      }
    },
    "DesiredCapacityType" : {
      "description" : "The unit of measurement for the value specified for desired capacity. Amazon EC2 Auto Scaling supports ``DesiredCapacityType`` for attribute-based instance type selection only. For more information, see [Create a mixed instances group using attribute-based instance type selection](https://docs.aws.amazon.com/autoscaling/ec2/userguide/create-mixed-instances-group-attribute-based-instance-type-selection.html) in the *Amazon EC2 Auto Scaling User Guide*.\n By default, Amazon EC2 Auto Scaling specifies ``units``, which translates into number of instances.\n Valid values: ``units`` | ``vcpu`` | ``memory-mib``",
      "type" : "string"
    },
    "PlacementGroup" : {
      "description" : "The name of the placement group into which to launch your instances. For more information, see [Placement groups](https://docs.aws.amazon.com/AWSEC2/latest/UserGuide/placement-groups.html) in the *Amazon EC2 User Guide for Linux Instances*.\n  A *cluster* placement group is a logical grouping of instances within a single Availability Zone. You cannot specify multiple Availability Zones and a cluster placement group.",
      "type" : "string"
    },
    "CapacityReservationSpecification" : {
      "description" : "The capacity reservation specification.",
      "$ref" : "#/definitions/CapacityReservationSpecification"
    },
    "HealthCheckType" : {
      "description" : "A comma-separated value string of one or more health check types.\n The valid values are ``EC2``, ``EBS``, ``ELB``, and ``VPC_LATTICE``. ``EC2`` is the default health check and cannot be disabled. For more information, see [Health checks for instances in an Auto Scaling group](https://docs.aws.amazon.com/autoscaling/ec2/userguide/ec2-auto-scaling-health-checks.html) in the *Amazon EC2 Auto Scaling User Guide*.\n Only specify ``EC2`` if you must clear a value that was previously set.",
      "type" : "string"
    },
    "MaxInstanceLifetime" : {
      "description" : "The maximum amount of time, in seconds, that an instance can be in service. The default is null. If specified, the value must be either 0 or a number equal to or greater than 86,400 seconds (1 day). For more information, see [Replace Auto Scaling instances based on maximum instance lifetime](https://docs.aws.amazon.com/autoscaling/ec2/userguide/asg-max-instance-lifetime.html) in the *Amazon EC2 Auto Scaling User Guide*.",
      "type" : "integer"
    }
  }
}