{
  "typeName" : "AWS::EC2::Volume",
  "description" : "Specifies an Amazon Elastic Block Store (Amazon EBS) volume.\n When you use CFNlong to update an Amazon EBS volume that modifies ``Iops``, ``Size``, or ``VolumeType``, there is a cooldown period before another operation can occur. This can cause your stack to report being in ``UPDATE_IN_PROGRESS`` or ``UPDATE_ROLLBACK_IN_PROGRESS`` for long periods of time.\n Amazon EBS does not support sizing down an Amazon EBS volume. CFNlong does not attempt to modify an Amazon EBS volume to a smaller size on rollback.\n Some common scenarios when you might encounter a cooldown period for Amazon EBS include:\n  +  You successfully update an Amazon EBS volume and the update succeeds. When you attempt another update within the cooldown window, that update will be subject to a cooldown period.\n  +  You successfully update an Amazon EBS volume and the update succeeds but another change in your ``update-stack`` call fails. The rollback will be subject to a cooldown period.\n  \n For more information, see [Requirements for EBS volume modifications](https://docs.aws.amazon.com/ebs/latest/userguide/modify-volume-requirements.html).\n  *DeletionPolicy attribute* \n To control how CFNlong handles the volume when the stack is deleted, set a deletion policy for your volume. You can choose to retain the volume, to delete the volume, or to create a snapshot of the volume. For more information, see [DeletionPolicy attribute](https://docs.aws.amazon.com/AWSCloudFormation/latest/UserGuide/aws-attribute-deletionpolicy.html).\n  If you set a deletion policy that creates a snapshot, all tags on the volume are included in the snapshot.",
  "sourceUrl" : "https://github.com/aws-cloudformation/aws-cloudformation-resource-providers-ec2.git",
  "additionalProperties" : false,
  "properties" : {
    "MultiAttachEnabled" : {
      "type" : "boolean",
      "description" : "Indicates whether Amazon EBS Multi-Attach is enabled.\n CFNlong does not currently support updating a single-attach volume to be multi-attach enabled, updating a multi-attach enabled volume to be single-attach, or updating the size or number of I/O operations per second (IOPS) of a multi-attach enabled volume."
    },
    "KmsKeyId" : {
      "type" : "string",
      "description" : "The identifier of the kms-key-long to use for Amazon EBS encryption. If ``KmsKeyId`` is specified, the encrypted state must be ``true``.\n If you omit this property and your account is enabled for encryption by default, or *Encrypted* is set to ``true``, then the volume is encrypted using the default key specified for your account. If your account does not have a default key, then the volume is encrypted using the aws-managed-key.\n Alternatively, if you want to specify a different key, you can specify one of the following:\n  +  Key ID. For example, 1234abcd-12ab-34cd-56ef-1234567890ab.\n  +  Key alias. Specify the alias for the key, prefixed with ``alias/``. For example, for a key with the alias ``my_cmk``, use ``alias/my_cmk``. Or to specify the aws-managed-key, use ``alias/aws/ebs``.\n  +  Key ARN. For example, arn:aws:kms:us-east-1:012345678910:key/1234abcd-12ab-34cd-56ef-1234567890ab.\n  +  Alias ARN. For example, arn:aws:kms:us-east-1:012345678910:alias/ExampleAlias."
    },
    "Encrypted" : {
      "type" : "boolean",
      "description" : "Indicates whether the volume should be encrypted. The effect of setting the encryption state to ``true`` depends on the volume origin (new or from a snapshot), starting encryption state, ownership, and whether encryption by default is enabled. For more information, see [Encryption by default](https://docs.aws.amazon.com/ebs/latest/userguide/work-with-ebs-encr.html#encryption-by-default) in the *Amazon EBS User Guide*.\n Encrypted Amazon EBS volumes must be attached to instances that support Amazon EBS encryption. For more information, see [Supported instance types](https://docs.aws.amazon.com/ebs/latest/userguide/ebs-encryption-requirements.html#ebs-encryption_supported_instances)."
    },
    "Size" : {
      "type" : "integer",
      "description" : "The size of the volume, in GiBs. You must specify either a snapshot ID or a volume size. If you specify a snapshot, the default is the snapshot size. You can specify a volume size that is equal to or larger than the snapshot size.\n The following are the supported volumes sizes for each volume type:\n  +  ``gp2`` and ``gp3``: 1 - 16,384 GiB\n  +  ``io1``: 4 - 16,384 GiB\n  +  ``io2``: 4 - 65,536 GiB\n  +  ``st1`` and ``sc1``: 125 - 16,384 GiB\n  +  ``standard``: 1 - 1024 GiB"
    },
    "AutoEnableIO" : {
      "type" : "boolean",
      "description" : "Indicates whether the volume is auto-enabled for I/O operations. By default, Amazon EBS disables I/O to the volume from attached EC2 instances when it determines that a volume's data is potentially inconsistent. If the consistency of the volume is not a concern, and you prefer that the volume be made available immediately if it's impaired, you can configure the volume to automatically enable I/O."
    },
    "OutpostArn" : {
      "type" : "string",
      "description" : "The Amazon Resource Name (ARN) of the Outpost."
    },
    "AvailabilityZone" : {
      "type" : "string",
      "description" : "The ID of the Availability Zone in which to create the volume. For example, ``us-east-1a``."
    },
    "Throughput" : {
      "type" : "integer",
      "description" : "The throughput to provision for a volume, with a maximum of 1,000 MiB/s.\n This parameter is valid only for ``gp3`` volumes. The default value is 125.\n Valid Range: Minimum value of 125. Maximum value of 1000."
    },
    "Iops" : {
      "type" : "integer",
      "description" : "The number of I/O operations per second (IOPS). For ``gp3``, ``io1``, and ``io2`` volumes, this represents the number of IOPS that are provisioned for the volume. For ``gp2`` volumes, this represents the baseline performance of the volume and the rate at which the volume accumulates I/O credits for bursting.\n The following are the supported values for each volume type:\n  +  ``gp3``: 3,000 - 16,000 IOPS\n  +  ``io1``: 100 - 64,000 IOPS\n  +  ``io2``: 100 - 256,000 IOPS\n  \n For ``io2`` volumes, you can achieve up to 256,000 IOPS on [instances built on the Nitro System](https://docs.aws.amazon.com/ec2/latest/instancetypes/ec2-nitro-instances.html). On other instances, you can achieve performance up to 32,000 IOPS.\n This parameter is required for ``io1`` and ``io2`` volumes. The default for ``gp3`` volumes is 3,000 IOPS. This parameter is not supported for ``gp2``, ``st1``, ``sc1``, or ``standard`` volumes."
    },
    "SnapshotId" : {
      "type" : "string",
      "description" : "The snapshot from which to create the volume. You must specify either a snapshot ID or a volume size."
    },
    "VolumeType" : {
      "type" : "string",
      "description" : "The volume type. This parameter can be one of the following values:\n  +  General Purpose SSD: ``gp2`` | ``gp3``\n  +  Provisioned IOPS SSD: ``io1`` | ``io2``\n  +  Throughput Optimized HDD: ``st1``\n  +  Cold HDD: ``sc1``\n  +  Magnetic: ``standard``\n  \n For more information, see [Amazon EBS volume types](https://docs.aws.amazon.com/ebs/latest/userguide/ebs-volume-types.html).\n Default: ``gp2``"
    },
    "VolumeId" : {
      "type" : "string",
      "description" : ""
    },
    "Tags" : {
      "type" : "array",
      "uniqueItems" : false,
      "description" : "The tags to apply to the volume during creation.",
      "insertionOrder" : false,
      "items" : {
        "$ref" : "#/definitions/Tag"
      }
    },
    "VolumeInitializationRate" : {
      "type" : "integer",
      "description" : ""
    }
  },
  "definitions" : {
    "Tag" : {
      "type" : "object",
      "additionalProperties" : false,
      "properties" : {
        "Key" : {
          "description" : "The tag key.",
          "type" : "string"
        },
        "Value" : {
          "description" : "The tag value.",
          "type" : "string"
        }
      },
      "required" : [ "Value", "Key" ],
      "description" : "Specifies a tag. For more information, see [Resource tags](https://docs.aws.amazon.com/AWSCloudFormation/latest/UserGuide/aws-properties-resource-tags.html)."
    }
  },
  "tagging" : {
    "taggable" : true,
    "tagOnCreate" : true,
    "tagUpdatable" : true,
    "cloudFormationSystemTags" : false,
    "tagProperty" : "/properties/Tags",
    "permissions" : [ "ec2:CreateTags", "ec2:DeleteTags", "ec2:DescribeTags" ]
  },
  "handlers" : {
    "create" : {
      "permissions" : [ "ec2:CreateVolume", "ec2:DescribeVolumes", "ec2:DescribeVolumeAttribute", "ec2:ModifyVolumeAttribute", "ec2:CreateTags", "kms:GenerateDataKeyWithoutPlaintext", "kms:CreateGrant" ],
      "timeoutInMinutes" : 725
    },
    "read" : {
      "permissions" : [ "ec2:DescribeVolumes", "ec2:DescribeVolumeAttribute", "ec2:DescribeTags" ]
    },
    "update" : {
      "permissions" : [ "ec2:ModifyVolume", "ec2:ModifyVolumeAttribute", "ec2:DescribeVolumeAttribute", "ec2:DescribeVolumesModifications", "ec2:DescribeVolumes", "ec2:CreateTags", "ec2:DeleteTags" ],
      "timeoutInMinutes" : 2160
    },
    "delete" : {
      "permissions" : [ "ec2:DeleteVolume", "ec2:CreateSnapshot", "ec2:DescribeSnapshots", "ec2:DeleteTags", "ec2:DescribeVolumes" ]
    },
    "list" : {
      "permissions" : [ "ec2:DescribeVolumes", "ec2:DescribeTags", "ec2:DescribeVolumeAttribute" ]
    }
  },
  "required" : [ "AvailabilityZone" ],
  "primaryIdentifier" : [ "/properties/VolumeId" ],
  "readOnlyProperties" : [ "/properties/VolumeId" ]
}