{
  "typeName" : "AWS::ApiGatewayV2::Authorizer",
  "description" : "The ``AWS::ApiGatewayV2::Authorizer`` resource creates an authorizer for a WebSocket API or an HTTP API. To learn more, see [Controlling and managing access to a WebSocket API in API Gateway](https://docs.aws.amazon.com/apigateway/latest/developerguide/apigateway-websocket-api-control-access.html) and [Controlling and managing access to an HTTP API in API Gateway](https://docs.aws.amazon.com/apigateway/latest/developerguide/http-api-access-control.html) in the *API Gateway Developer Guide*.",
  "sourceUrl" : "https://github.com/aws-cloudformation/aws-cloudformation-resource-providers-apigatewayv2",
  "additionalProperties" : false,
  "properties" : {
    "IdentityValidationExpression" : {
      "type" : "string",
      "description" : "This parameter is not used."
    },
    "AuthorizerUri" : {
      "type" : "string",
      "description" : "The authorizer's Uniform Resource Identifier (URI). For ``REQUEST`` authorizers, this must be a well-formed Lambda function URI, for example, ``arn:aws:apigateway:us-west-2:lambda:path/2015-03-31/functions/arn:aws:lambda:us-west-2:{account_id}:function:{lambda_function_name}/invocations``. In general, the URI has this form: ``arn:aws:apigateway:{region}:lambda:path/{service_api}``, where *{region}* is the same as the region hosting the Lambda function, path indicates that the remaining substring in the URI should be treated as the path to the resource, including the initial ``/``. For Lambda functions, this is usually of the form ``/2015-03-31/functions/[FunctionARN]/invocations``."
    },
    "AuthorizerCredentialsArn" : {
      "type" : "string",
      "description" : "Specifies the required credentials as an IAM role for API Gateway to invoke the authorizer. To specify an IAM role for API Gateway to assume, use the role's Amazon Resource Name (ARN). To use resource-based permissions on the Lambda function, specify null. Supported only for ``REQUEST`` authorizers."
    },
    "AuthorizerType" : {
      "type" : "string",
      "description" : "The authorizer type. Specify ``REQUEST`` for a Lambda function using incoming request parameters. Specify ``JWT`` to use JSON Web Tokens (supported only for HTTP APIs)."
    },
    "IdentitySource" : {
      "type" : "array",
      "uniqueItems" : false,
      "items" : {
        "type" : "string"
      },
      "description" : "The identity source for which authorization is requested.\n For a ``REQUEST`` authorizer, this is optional. The value is a set of one or more mapping expressions of the specified request parameters. The identity source can be headers, query string parameters, stage variables, and context parameters. For example, if an Auth header and a Name query string parameter are defined as identity sources, this value is route.request.header.Auth, route.request.querystring.Name for WebSocket APIs. For HTTP APIs, use selection expressions prefixed with ``$``, for example, ``$request.header.Auth``, ``$request.querystring.Name``. These parameters are used to perform runtime validation for Lambda-based authorizers by verifying all of the identity-related request parameters are present in the request, not null, and non-empty. Only when this is true does the authorizer invoke the authorizer Lambda function. Otherwise, it returns a 401 Unauthorized response without calling the Lambda function. For HTTP APIs, identity sources are also used as the cache key when caching is enabled. To learn more, see [Working with Lambda authorizers for HTTP APIs](https://docs.aws.amazon.com/apigateway/latest/developerguide/http-api-lambda-authorizer.html).\n For ``JWT``, a single entry that specifies where to extract the JSON Web Token (JWT) from inbound requests. Currently only header-based and query parameter-based selections are supported, for example ``$request.header.Authorization``."
    },
    "JwtConfiguration" : {
      "$ref" : "#/definitions/JWTConfiguration",
      "description" : "The ``JWTConfiguration`` property specifies the configuration of a JWT authorizer. Required for the ``JWT`` authorizer type. Supported only for HTTP APIs."
    },
    "AuthorizerResultTtlInSeconds" : {
      "type" : "integer",
      "description" : "The time to live (TTL) for cached authorizer results, in seconds. If it equals 0, authorization caching is disabled. If it is greater than 0, API Gateway caches authorizer responses. The maximum value is 3600, or 1 hour. Supported only for HTTP API Lambda authorizers."
    },
    "AuthorizerPayloadFormatVersion" : {
      "type" : "string",
      "description" : "Specifies the format of the payload sent to an HTTP API Lambda authorizer. Required for HTTP API Lambda authorizers. Supported values are ``1.0`` and ``2.0``. To learn more, see [Working with Lambda authorizers for HTTP APIs](https://docs.aws.amazon.com/apigateway/latest/developerguide/http-api-lambda-authorizer.html)."
    },
    "EnableSimpleResponses" : {
      "type" : "boolean",
      "description" : "Specifies whether a Lambda authorizer returns a response in a simple format. By default, a Lambda authorizer must return an IAM policy. If enabled, the Lambda authorizer can return a boolean value instead of an IAM policy. Supported only for HTTP APIs. To learn more, see [Working with Lambda authorizers for HTTP APIs](https://docs.aws.amazon.com/apigateway/latest/developerguide/http-api-lambda-authorizer.html)."
    },
    "ApiId" : {
      "type" : "string",
      "description" : "The API identifier."
    },
    "AuthorizerId" : {
      "type" : "string",
      "description" : ""
    },
    "Name" : {
      "type" : "string",
      "description" : "The name of the authorizer."
    }
  },
  "definitions" : {
    "JWTConfiguration" : {
      "type" : "object",
      "additionalProperties" : false,
      "properties" : {
        "Issuer" : {
          "type" : "string",
          "description" : "The base domain of the identity provider that issues JSON Web Tokens. For example, an Amazon Cognito user pool has the following format: ``https://cognito-idp.{region}.amazonaws.com/{userPoolId}``. Required for the ``JWT`` authorizer type. Supported only for HTTP APIs."
        },
        "Audience" : {
          "type" : "array",
          "uniqueItems" : false,
          "items" : {
            "type" : "string"
          },
          "description" : "A list of the intended recipients of the JWT. A valid JWT must provide an ``aud`` that matches at least one entry in this list. See [RFC 7519](https://docs.aws.amazon.com/https://tools.ietf.org/html/rfc7519#section-4.1.3). Required for the ``JWT`` authorizer type. Supported only for HTTP APIs."
        }
      },
      "description" : "The ``JWTConfiguration`` property specifies the configuration of a JWT authorizer. Required for the ``JWT`` authorizer type. Supported only for HTTP APIs."
    }
  },
  "required" : [ "AuthorizerType", "ApiId", "Name" ],
  "createOnlyProperties" : [ "/properties/ApiId" ],
  "primaryIdentifier" : [ "/properties/AuthorizerId", "/properties/ApiId" ],
  "readOnlyProperties" : [ "/properties/AuthorizerId" ],
  "writeOnlyProperties" : [ "/properties/AuthorizerPayloadFormatVersion", "/properties/AuthorizerResultTtlInSeconds", "/properties/EnableSimpleResponses", "/properties/AuthorizerCredentialsArn", "/properties/AuthorizerUri" ],
  "tagging" : {
    "taggable" : false,
    "tagOnCreate" : false,
    "tagUpdatable" : false,
    "cloudFormationSystemTags" : false
  },
  "handlers" : {
    "create" : {
      "permissions" : [ "apigateway:POST", "iam:PassRole" ]
    },
    "update" : {
      "permissions" : [ "apigateway:PATCH", "apigateway:GET", "apigateway:PUT", "iam:PassRole" ]
    },
    "read" : {
      "permissions" : [ "apigateway:GET" ]
    },
    "delete" : {
      "permissions" : [ "apigateway:GET", "apigateway:DELETE" ]
    },
    "list" : {
      "handlerSchema" : {
        "properties" : {
          "ApiId" : {
            "$ref" : "resource-schema.json#/properties/ApiId"
          }
        },
        "required" : [ "ApiId" ]
      },
      "permissions" : [ "apigateway:GET" ]
    }
  }
}