{
  "typeName" : "AWS::B2BI::Profile",
  "description" : "Definition of AWS::B2BI::Profile Resource Type",
  "definitions" : {
    "Logging" : {
      "type" : "string",
      "enum" : [ "ENABLED", "DISABLED" ]
    },
    "Tag" : {
      "type" : "object",
      "properties" : {
        "Key" : {
          "type" : "string",
          "maxLength" : 128,
          "minLength" : 1
        },
        "Value" : {
          "type" : "string",
          "maxLength" : 256,
          "minLength" : 0
        }
      },
      "required" : [ "Key", "Value" ],
      "additionalProperties" : false
    }
  },
  "properties" : {
    "BusinessName" : {
      "type" : "string",
      "maxLength" : 254,
      "minLength" : 1
    },
    "CreatedAt" : {
      "type" : "string",
      "format" : "date-time"
    },
    "Email" : {
      "type" : "string",
      "maxLength" : 254,
      "minLength" : 5,
      "pattern" : "^[\\w\\.\\-]+@[\\w\\.\\-]+$"
    },
    "LogGroupName" : {
      "type" : "string",
      "maxLength" : 512,
      "minLength" : 1
    },
    "Logging" : {
      "$ref" : "#/definitions/Logging"
    },
    "ModifiedAt" : {
      "type" : "string",
      "format" : "date-time"
    },
    "Name" : {
      "type" : "string",
      "maxLength" : 254,
      "minLength" : 1
    },
    "Phone" : {
      "type" : "string",
      "maxLength" : 22,
      "minLength" : 7,
      "pattern" : "^\\+?([0-9 \\t\\-()\\/]{7,})(?:\\s*(?:#|x\\.?|ext\\.?|extension) \\t*(\\d+))?$"
    },
    "ProfileArn" : {
      "type" : "string",
      "maxLength" : 255,
      "minLength" : 1
    },
    "ProfileId" : {
      "type" : "string",
      "maxLength" : 64,
      "minLength" : 1,
      "pattern" : "^[a-zA-Z0-9_-]+$"
    },
    "Tags" : {
      "type" : "array",
      "items" : {
        "$ref" : "#/definitions/Tag"
      },
      "maxItems" : 200,
      "minItems" : 0
    }
  },
  "required" : [ "BusinessName", "Logging", "Name", "Phone" ],
  "readOnlyProperties" : [ "/properties/CreatedAt", "/properties/LogGroupName", "/properties/ModifiedAt", "/properties/ProfileArn", "/properties/ProfileId" ],
  "createOnlyProperties" : [ "/properties/Logging" ],
  "primaryIdentifier" : [ "/properties/ProfileId" ],
  "handlers" : {
    "create" : {
      "permissions" : [ "b2bi:CreateProfile", "b2bi:TagResource", "logs:CreateLogDelivery", "logs:CreateLogGroup", "logs:CreateLogStream", "logs:DescribeLogGroups", "logs:DescribeLogStreams", "logs:DescribeResourcePolicies", "logs:ListLogDeliveries", "logs:PutLogEvents", "logs:PutResourcePolicy" ]
    },
    "read" : {
      "permissions" : [ "b2bi:GetProfile", "b2bi:ListTagsForResource" ]
    },
    "update" : {
      "permissions" : [ "b2bi:TagResource", "b2bi:UntagResource", "b2bi:UpdateProfile" ]
    },
    "delete" : {
      "permissions" : [ "b2bi:DeleteProfile", "logs:DeleteLogDelivery", "logs:ListLogDeliveries" ]
    },
    "list" : {
      "permissions" : [ "b2bi:ListProfiles" ]
    }
  },
  "tagging" : {
    "cloudFormationSystemTags" : true,
    "tagOnCreate" : true,
    "tagProperty" : "/properties/Tags",
    "tagUpdatable" : true,
    "taggable" : true,
    "permissions" : [ "b2bi:ListTagsForResource", "b2bi:TagResource", "b2bi:UntagResource" ]
  },
  "additionalProperties" : false
}