{
  "additionalProperties" : false,
  "definitions" : {
    "PublicKeyConfig" : {
      "additionalProperties" : false,
      "properties" : {
        "CallerReference" : {
          "type" : "string",
          "description" : "A string included in the request to help make sure that the request can't be replayed."
        },
        "Comment" : {
          "type" : "string",
          "description" : "A comment to describe the public key. The comment cannot be longer than 128 characters."
        },
        "EncodedKey" : {
          "type" : "string",
          "description" : "The public key that you can use with [signed URLs and signed cookies](https://docs.aws.amazon.com/AmazonCloudFront/latest/DeveloperGuide/PrivateContent.html), or with [field-level encryption](https://docs.aws.amazon.com/AmazonCloudFront/latest/DeveloperGuide/field-level-encryption.html)."
        },
        "Name" : {
          "type" : "string",
          "description" : "A name to help identify the public key."
        }
      },
      "required" : [ "CallerReference", "Name", "EncodedKey" ],
      "type" : "object",
      "description" : "Configuration information about a public key that you can use with [signed URLs and signed cookies](https://docs.aws.amazon.com/AmazonCloudFront/latest/DeveloperGuide/PrivateContent.html), or with [field-level encryption](https://docs.aws.amazon.com/AmazonCloudFront/latest/DeveloperGuide/field-level-encryption.html)."
    }
  },
  "description" : "A public key that you can use with [signed URLs and signed cookies](https://docs.aws.amazon.com/AmazonCloudFront/latest/DeveloperGuide/PrivateContent.html), or with [field-level encryption](https://docs.aws.amazon.com/AmazonCloudFront/latest/DeveloperGuide/field-level-encryption.html).",
  "handlers" : {
    "create" : {
      "permissions" : [ "cloudfront:CreatePublicKey" ]
    },
    "delete" : {
      "permissions" : [ "cloudfront:DeletePublicKey", "cloudfront:GetPublicKey" ]
    },
    "list" : {
      "permissions" : [ "cloudfront:ListPublicKeys" ]
    },
    "read" : {
      "permissions" : [ "cloudfront:GetPublicKey" ]
    },
    "update" : {
      "permissions" : [ "cloudfront:UpdatePublicKey", "cloudfront:GetPublicKey" ]
    }
  },
  "primaryIdentifier" : [ "/properties/Id" ],
  "properties" : {
    "CreatedTime" : {
      "type" : "string",
      "description" : ""
    },
    "Id" : {
      "type" : "string",
      "description" : ""
    },
    "PublicKeyConfig" : {
      "$ref" : "#/definitions/PublicKeyConfig",
      "description" : "Configuration information about a public key that you can use with [signed URLs and signed cookies](https://docs.aws.amazon.com/AmazonCloudFront/latest/DeveloperGuide/PrivateContent.html), or with [field-level encryption](https://docs.aws.amazon.com/AmazonCloudFront/latest/DeveloperGuide/field-level-encryption.html)."
    }
  },
  "readOnlyProperties" : [ "/properties/Id", "/properties/CreatedTime" ],
  "required" : [ "PublicKeyConfig" ],
  "tagging" : {
    "cloudFormationSystemTags" : false,
    "tagOnCreate" : false,
    "tagUpdatable" : false,
    "taggable" : false
  },
  "typeName" : "AWS::CloudFront::PublicKey"
}