{
  "typeName" : "AWS::B2BI::Partnership",
  "description" : "Definition of AWS::B2BI::Partnership Resource Type",
  "definitions" : {
    "CapabilityOptions" : {
      "type" : "object",
      "properties" : {
        "OutboundEdi" : {
          "$ref" : "#/definitions/OutboundEdiOptions"
        }
      },
      "additionalProperties" : false
    },
    "OutboundEdiOptions" : {
      "oneOf" : [ {
        "type" : "object",
        "title" : "X12",
        "properties" : {
          "X12" : {
            "$ref" : "#/definitions/X12Envelope"
          }
        },
        "required" : [ "X12" ],
        "additionalProperties" : false
      } ]
    },
    "Tag" : {
      "type" : "object",
      "properties" : {
        "Key" : {
          "type" : "string",
          "maxLength" : 128,
          "minLength" : 1
        },
        "Value" : {
          "type" : "string",
          "maxLength" : 256,
          "minLength" : 0
        }
      },
      "required" : [ "Key", "Value" ],
      "additionalProperties" : false
    },
    "X12Delimiters" : {
      "type" : "object",
      "properties" : {
        "ComponentSeparator" : {
          "type" : "string",
          "maxLength" : 1,
          "minLength" : 1,
          "pattern" : "^[!&'()*+,\\-./:;?=%@\\[\\]_{}|<>~^`\"]$"
        },
        "DataElementSeparator" : {
          "type" : "string",
          "maxLength" : 1,
          "minLength" : 1,
          "pattern" : "^[!&'()*+,\\-./:;?=%@\\[\\]_{}|<>~^`\"]$"
        },
        "SegmentTerminator" : {
          "type" : "string",
          "maxLength" : 1,
          "minLength" : 1,
          "pattern" : "^[!&'()*+,\\-./:;?=%@\\[\\]_{}|<>~^`\"]$"
        }
      },
      "additionalProperties" : false
    },
    "X12Envelope" : {
      "type" : "object",
      "properties" : {
        "Common" : {
          "$ref" : "#/definitions/X12OutboundEdiHeaders"
        }
      },
      "additionalProperties" : false
    },
    "X12FunctionalGroupHeaders" : {
      "type" : "object",
      "properties" : {
        "ApplicationSenderCode" : {
          "type" : "string",
          "maxLength" : 15,
          "minLength" : 2,
          "pattern" : "^[a-zA-Z0-9 ]*$"
        },
        "ApplicationReceiverCode" : {
          "type" : "string",
          "maxLength" : 15,
          "minLength" : 2,
          "pattern" : "^[a-zA-Z0-9 ]*$"
        },
        "ResponsibleAgencyCode" : {
          "type" : "string",
          "maxLength" : 2,
          "minLength" : 1,
          "pattern" : "^[a-zA-Z0-9]*$"
        }
      },
      "additionalProperties" : false
    },
    "X12InterchangeControlHeaders" : {
      "type" : "object",
      "properties" : {
        "SenderIdQualifier" : {
          "type" : "string",
          "maxLength" : 2,
          "minLength" : 2,
          "pattern" : "^[a-zA-Z0-9]*$"
        },
        "SenderId" : {
          "type" : "string",
          "maxLength" : 15,
          "minLength" : 15,
          "pattern" : "^[a-zA-Z0-9 ]*$"
        },
        "ReceiverIdQualifier" : {
          "type" : "string",
          "maxLength" : 2,
          "minLength" : 2,
          "pattern" : "^[a-zA-Z0-9]*$"
        },
        "ReceiverId" : {
          "type" : "string",
          "maxLength" : 15,
          "minLength" : 15,
          "pattern" : "^[a-zA-Z0-9 ]*$"
        },
        "RepetitionSeparator" : {
          "type" : "string",
          "maxLength" : 1,
          "minLength" : 1
        },
        "AcknowledgmentRequestedCode" : {
          "type" : "string",
          "maxLength" : 1,
          "minLength" : 1,
          "pattern" : "^[a-zA-Z0-9]*$"
        },
        "UsageIndicatorCode" : {
          "type" : "string",
          "maxLength" : 1,
          "minLength" : 1,
          "pattern" : "^[a-zA-Z0-9]*$"
        }
      },
      "additionalProperties" : false
    },
    "X12OutboundEdiHeaders" : {
      "type" : "object",
      "properties" : {
        "InterchangeControlHeaders" : {
          "$ref" : "#/definitions/X12InterchangeControlHeaders"
        },
        "FunctionalGroupHeaders" : {
          "$ref" : "#/definitions/X12FunctionalGroupHeaders"
        },
        "Delimiters" : {
          "$ref" : "#/definitions/X12Delimiters"
        },
        "ValidateEdi" : {
          "type" : "boolean"
        }
      },
      "additionalProperties" : false
    }
  },
  "properties" : {
    "Capabilities" : {
      "type" : "array",
      "items" : {
        "type" : "string",
        "maxLength" : 64,
        "minLength" : 1,
        "pattern" : "^[a-zA-Z0-9_-]+$"
      }
    },
    "CapabilityOptions" : {
      "$ref" : "#/definitions/CapabilityOptions"
    },
    "CreatedAt" : {
      "type" : "string",
      "format" : "date-time"
    },
    "Email" : {
      "type" : "string",
      "maxLength" : 254,
      "minLength" : 5,
      "pattern" : "^[\\w\\.\\-]+@[\\w\\.\\-]+$"
    },
    "ModifiedAt" : {
      "type" : "string",
      "format" : "date-time"
    },
    "Name" : {
      "type" : "string",
      "maxLength" : 254,
      "minLength" : 1
    },
    "PartnershipArn" : {
      "type" : "string",
      "maxLength" : 255,
      "minLength" : 1
    },
    "PartnershipId" : {
      "type" : "string",
      "maxLength" : 64,
      "minLength" : 1,
      "pattern" : "^[a-zA-Z0-9_-]+$"
    },
    "Phone" : {
      "type" : "string",
      "maxLength" : 22,
      "minLength" : 7,
      "pattern" : "^\\+?([0-9 \\t\\-()\\/]{7,})(?:\\s*(?:#|x\\.?|ext\\.?|extension) \\t*(\\d+))?$"
    },
    "ProfileId" : {
      "type" : "string",
      "maxLength" : 64,
      "minLength" : 1,
      "pattern" : "^[a-zA-Z0-9_-]+$"
    },
    "Tags" : {
      "type" : "array",
      "items" : {
        "$ref" : "#/definitions/Tag"
      },
      "maxItems" : 200,
      "minItems" : 0
    },
    "TradingPartnerId" : {
      "type" : "string",
      "maxLength" : 64,
      "minLength" : 1,
      "pattern" : "^[a-zA-Z0-9_-]+$"
    }
  },
  "required" : [ "Capabilities", "Email", "Name", "ProfileId" ],
  "readOnlyProperties" : [ "/properties/CreatedAt", "/properties/ModifiedAt", "/properties/PartnershipArn", "/properties/PartnershipId", "/properties/TradingPartnerId" ],
  "createOnlyProperties" : [ "/properties/Email", "/properties/Phone", "/properties/ProfileId" ],
  "primaryIdentifier" : [ "/properties/PartnershipId" ],
  "handlers" : {
    "create" : {
      "permissions" : [ "b2bi:CreatePartnership", "b2bi:TagResource", "s3:PutObject" ]
    },
    "read" : {
      "permissions" : [ "b2bi:GetPartnership", "b2bi:ListTagsForResource" ]
    },
    "update" : {
      "permissions" : [ "b2bi:TagResource", "b2bi:UntagResource", "b2bi:UpdatePartnership" ]
    },
    "delete" : {
      "permissions" : [ "b2bi:DeletePartnership" ]
    },
    "list" : {
      "permissions" : [ "b2bi:ListPartnerships" ]
    }
  },
  "tagging" : {
    "cloudFormationSystemTags" : true,
    "tagOnCreate" : true,
    "tagProperty" : "/properties/Tags",
    "tagUpdatable" : true,
    "taggable" : true,
    "permissions" : [ "b2bi:ListTagsForResource", "b2bi:TagResource", "b2bi:UntagResource" ]
  },
  "additionalProperties" : false
}