{
  "typeName" : "AWS::DataSync::LocationFSxWindows",
  "description" : "Resource schema for AWS::DataSync::LocationFSxWindows.",
  "sourceUrl" : "https://github.com/aws-cloudformation/aws-cloudformation-resource-providers-datasync.git",
  "definitions" : {
    "Tag" : {
      "additionalProperties" : false,
      "description" : "A key-value pair to associate with a resource.",
      "type" : "object",
      "properties" : {
        "Key" : {
          "type" : "string",
          "description" : "The key for an AWS resource tag.",
          "pattern" : "^[a-zA-Z0-9\\s+=._:/-]+$",
          "maxLength" : 256,
          "minLength" : 1
        },
        "Value" : {
          "type" : "string",
          "description" : "The value for an AWS resource tag.",
          "pattern" : "^[a-zA-Z0-9\\s+=._:@/-]+$",
          "maxLength" : 256,
          "minLength" : 1
        }
      },
      "required" : [ "Key", "Value" ]
    }
  },
  "properties" : {
    "Domain" : {
      "description" : "The name of the Windows domain that the FSx for Windows server belongs to.",
      "type" : "string",
      "maxLength" : 253,
      "pattern" : "^([A-Za-z0-9]+[A-Za-z0-9-.]*)*[A-Za-z0-9-]*[A-Za-z0-9]$"
    },
    "FsxFilesystemArn" : {
      "description" : "The Amazon Resource Name (ARN) for the FSx for Windows file system.",
      "type" : "string",
      "maxLength" : 128,
      "pattern" : "^arn:(aws|aws-cn|aws-us-gov|aws-iso|aws-iso-b):fsx:[a-z\\-0-9]*:[0-9]{12}:file-system/fs-.*$"
    },
    "Password" : {
      "description" : "The password of the user who has the permissions to access files and folders in the FSx for Windows file system.",
      "type" : "string",
      "maxLength" : 104,
      "pattern" : "^.{0,104}$"
    },
    "SecurityGroupArns" : {
      "description" : "The ARNs of the security groups that are to use to configure the FSx for Windows file system.",
      "type" : "array",
      "items" : {
        "type" : "string",
        "maxLength" : 128,
        "pattern" : "^arn:(aws|aws-cn|aws-us-gov|aws-iso|aws-iso-b):ec2:[a-z\\-0-9]*:[0-9]{12}:security-group/.*$"
      },
      "insertionOrder" : false
    },
    "Subdirectory" : {
      "description" : "A subdirectory in the location's path.",
      "type" : "string",
      "maxLength" : 4096,
      "pattern" : "^[a-zA-Z0-9_\\-\\+\\./\\(\\)\\$\\p{Zs}]+$"
    },
    "User" : {
      "description" : "The user who has the permissions to access files and folders in the FSx for Windows file system.",
      "type" : "string",
      "maxLength" : 104,
      "pattern" : "^[^\\x5B\\x5D\\\\/:;|=,+*?]{1,104}$"
    },
    "Tags" : {
      "description" : "An array of key-value pairs to apply to this resource.",
      "type" : "array",
      "maxItems" : 50,
      "uniqueItems" : true,
      "insertionOrder" : false,
      "items" : {
        "$ref" : "#/definitions/Tag"
      }
    },
    "LocationArn" : {
      "description" : "The Amazon Resource Name (ARN) of the Amazon FSx for Windows file system location that is created.",
      "type" : "string",
      "pattern" : "^arn:(aws|aws-cn|aws-us-gov|aws-iso|aws-iso-b):datasync:[a-z\\-0-9]+:[0-9]{12}:location/loc-[0-9a-z]{17}$",
      "maxLength" : 128
    },
    "LocationUri" : {
      "description" : "The URL of the FSx for Windows location that was described.",
      "type" : "string",
      "pattern" : "^(efs|nfs|s3|smb|fsxw)://[a-zA-Z0-9./\\-]+$",
      "maxLength" : 4356
    }
  },
  "tagging" : {
    "taggable" : true,
    "tagOnCreate" : true,
    "tagUpdatable" : true,
    "cloudFormationSystemTags" : true,
    "tagProperty" : "/properties/Tags",
    "permissions" : [ "datasync:TagResource", "datasync:UntagResource", "datasync:ListTagsForResource" ]
  },
  "additionalProperties" : false,
  "required" : [ "User", "SecurityGroupArns" ],
  "readOnlyProperties" : [ "/properties/LocationArn", "/properties/LocationUri" ],
  "writeOnlyProperties" : [ "/properties/Password", "/properties/Subdirectory", "/properties/FsxFilesystemArn" ],
  "primaryIdentifier" : [ "/properties/LocationArn" ],
  "createOnlyProperties" : [ "/properties/FsxFilesystemArn", "/properties/SecurityGroupArns" ],
  "handlers" : {
    "create" : {
      "permissions" : [ "datasync:CreateLocationFsxWindows", "datasync:DescribeLocationFsxWindows", "datasync:ListTagsForResource", "datasync:TagResource", "fsx:DescribeFileSystems", "ec2:DescribeNetworkInterfaces", "ec2:DescribeSubnets", "ec2:DescribeSecurityGroups" ]
    },
    "read" : {
      "permissions" : [ "datasync:DescribeLocationFsxWindows", "datasync:ListTagsForResource" ]
    },
    "update" : {
      "permissions" : [ "datasync:DescribeLocationFsxWindows", "datasync:UpdateLocationFsxWindows", "datasync:ListTagsForResource", "datasync:TagResource", "datasync:UntagResource", "fsx:DescribeFileSystems", "ec2:DescribeNetworkInterfaces" ]
    },
    "delete" : {
      "permissions" : [ "datasync:DeleteLocation" ]
    },
    "list" : {
      "permissions" : [ "datasync:ListLocations" ]
    }
  }
}